Vata,Pitta,Kapha,Dosha_Type
114,48,53,Vata
54,69,107,Kapha
20,96,31,Pitta
63,117,15,Pitta
107,49,109,Kapha-Vata
104,89,41,Vata
3,116,50,Pitta
64,3,43,Vata
96,47,4,Vata
121,30,128,Kapha
49,82,46,Pitta
147,32,133,Vata
45,143,74,Pitta
28,58,81,Kapha
108,132,38,Pitta
135,42,26,Vata
148,116,101,Vata
103,17,11,Vata
10,127,23,Pitta
110,128,118,Pitta
83,110,58,Pitta
122,40,137,Kapha
115,72,59,Vata
55,55,47,Vata-Pitta
127,149,39,Pitta
122,76,16,Vata
105,28,90,Vata
137,116,128,Vata
17,97,21,Pitta
5,40,108,Kapha
32,85,11,Pitta
100,101,132,Kapha
61,26,142,Kapha
116,69,85,Vata
125,64,1,Vata
109,5,143,Kapha
27,56,87,Kapha
16,111,62,Pitta
43,95,38,Pitta
137,89,22,Vata
109,68,62,Vata
140,70,141,Kapha-Vata
113,97,84,Vata
108,101,33,Vata
64,63,3,Vata-Pitta
148,75,21,Vata
127,3,53,Vata
119,35,69,Vata
150,103,27,Vata
64,148,33,Pitta
126,143,67,Pitta
53,131,63,Pitta
32,0,143,Kapha
134,85,145,Kapha
45,122,84,Pitta
87,97,65,Pitta
136,139,104,Pitta-Vata
124,142,138,Pitta-Kapha
15,23,20,Pitta-Kapha
2,122,139,Kapha
125,48,108,Vata
14,84,29,Pitta
5,81,49,Pitta
59,51,55,Vata
76,147,9,Pitta
87,48,39,Vata
149,120,59,Vata
107,82,13,Vata
3,135,10,Pitta
124,39,24,Vata
43,43,122,Kapha
29,117,109,Pitta
27,146,121,Pitta
125,101,101,Vata
89,66,132,Kapha
113,73,8,Vata
81,22,79,Vata-Kapha
87,52,30,Vata
62,54,123,Kapha
69,124,145,Kapha
9,57,40,Pitta
126,23,4,Vata
59,19,120,Kapha
7,143,84,Pitta
15,130,136,Kapha
0,73,38,Pitta
19,0,77,Kapha
132,68,61,Vata
88,107,70,Pitta
12,69,149,Kapha
47,71,137,Kapha
121,24,72,Vata
118,117,60,Vata-Pitta
99,49,7,Vata
98,2,40,Vata
99,1,19,Vata
83,142,131,Pitta
135,49,4,Vata
66,124,146,Kapha
136,72,135,Vata-Kapha
78,74,111,Kapha
63,113,34,Pitta
119,17,85,Vata
78,14,65,Vata
95,119,129,Kapha
150,66,59,Vata
87,115,95,Pitta
85,28,116,Kapha
56,146,132,Pitta
137,42,15,Vata
83,3,5,Vata
117,100,37,Vata
62,96,90,Pitta
37,111,76,Pitta
99,95,148,Kapha
40,85,73,Pitta
77,1,11,Vata
71,140,133,Pitta
31,57,79,Kapha
35,106,76,Pitta
146,101,147,Kapha-Vata
5,110,49,Pitta
110,4,30,Vata
46,126,4,Pitta
8,96,63,Pitta
106,36,150,Kapha
117,106,146,Kapha
37,40,90,Kapha
118,131,50,Pitta
85,111,121,Kapha
101,0,98,Vata-Kapha
74,16,33,Vata
2,66,68,Kapha-Pitta
88,121,39,Pitta
22,16,40,Kapha
139,56,105,Vata
83,33,117,Kapha
111,97,115,Kapha-Vata
144,85,79,Vata
81,93,119,Kapha
38,141,74,Pitta
6,135,25,Pitta
34,90,122,Kapha
127,95,150,Kapha
109,125,45,Pitta
81,7,127,Kapha
73,14,47,Vata
94,129,47,Pitta
21,143,58,Pitta
85,20,5,Vata
138,30,30,Vata
105,68,10,Vata
22,48,84,Kapha
18,87,113,Kapha
8,148,6,Pitta
17,26,57,Kapha
12,93,73,Pitta
50,79,136,Kapha
110,58,80,Vata
143,23,62,Vata
64,56,118,Kapha
118,29,84,Vata
107,25,147,Kapha
132,107,102,Vata
121,41,116,Vata-Kapha
60,4,70,Kapha
90,83,10,Vata
96,3,84,Vata
143,15,40,Vata
112,50,67,Vata
116,103,101,Vata
15,66,140,Kapha
123,101,29,Vata
51,133,122,Pitta
31,86,97,Kapha
24,138,48,Pitta
81,31,94,Kapha
92,58,96,Kapha-Vata
15,132,149,Kapha
68,56,74,Kapha
15,52,23,Pitta
11,95,26,Pitta
138,91,8,Vata
141,23,75,Vata
19,52,60,Kapha
114,21,61,Vata
56,70,53,Pitta
84,120,88,Pitta
101,118,150,Kapha
139,113,31,Vata
53,88,136,Kapha
61,63,9,Pitta-Vata
11,67,128,Kapha
79,1,80,Kapha-Vata
73,59,78,Kapha-Vata
128,93,58,Vata
5,124,96,Pitta
111,110,149,Kapha
119,42,92,Vata
122,12,66,Vata
44,20,143,Kapha
150,53,98,Vata
46,10,102,Kapha
86,131,75,Pitta
49,126,0,Pitta
92,65,114,Kapha
24,82,128,Kapha
93,49,147,Kapha
24,16,116,Kapha
66,10,120,Kapha
43,84,78,Pitta
65,12,29,Vata
106,130,99,Pitta
49,11,129,Kapha
110,13,122,Kapha
80,66,11,Vata
147,132,107,Vata
5,56,76,Kapha
99,67,19,Vata
114,19,123,Kapha
54,130,121,Pitta
141,133,17,Vata
124,103,127,Kapha-Vata
6,100,5,Pitta
74,150,74,Pitta
145,117,80,Vata
138,113,126,Vata
119,18,128,Kapha
1,27,61,Kapha
53,57,142,Kapha
6,60,118,Kapha
93,17,14,Vata
112,136,69,Pitta
86,115,112,Pitta-Kapha
102,25,102,Vata-Kapha
48,45,83,Kapha
147,17,54,Vata
62,76,61,Pitta
86,133,26,Pitta
13,33,114,Kapha
83,100,17,Pitta
77,58,34,Vata
131,144,55,Pitta
80,117,70,Pitta
113,22,25,Vata
81,5,122,Kapha
38,107,117,Kapha
49,150,88,Pitta
124,128,98,Pitta-Vata
32,71,124,Kapha
116,13,21,Vata
67,11,74,Kapha
70,98,31,Pitta
9,71,79,Kapha
84,3,62,Vata
41,142,0,Pitta
135,123,15,Vata
94,146,28,Pitta
102,40,7,Vata
149,150,59,Pitta-Vata
127,102,86,Vata
77,141,118,Pitta
5,26,17,Pitta
138,50,10,Vata
142,97,40,Vata
3,81,45,Pitta
21,124,124,Pitta-Kapha
77,121,57,Pitta
44,51,34,Pitta
139,88,54,Vata
91,100,124,Kapha
140,102,53,Vata
72,112,85,Pitta
92,51,27,Vata
150,112,40,Vata
110,19,98,Vata
49,20,68,Kapha
109,59,150,Kapha
134,78,127,Vata
10,76,53,Pitta
52,49,120,Kapha
40,137,61,Pitta
36,59,31,Pitta
135,105,119,Vata
45,111,28,Pitta
115,82,103,Vata
109,60,101,Vata
69,68,39,Vata-Pitta
46,0,3,Vata
73,63,34,Vata
99,46,6,Vata
91,137,17,Pitta
11,144,101,Pitta
137,46,82,Vata
115,101,20,Vata
98,131,140,Kapha
102,40,103,Kapha-Vata
120,36,146,Kapha
41,73,12,Pitta
55,59,134,Kapha
47,85,134,Kapha
29,39,95,Kapha
52,98,124,Kapha
97,31,126,Kapha
65,47,77,Kapha
14,27,80,Kapha
145,147,128,Pitta-Vata
60,91,49,Pitta
97,116,93,Pitta
81,121,103,Pitta
129,68,128,Vata-Kapha
77,144,115,Pitta
95,148,109,Pitta
122,105,106,Vata
17,141,67,Pitta
123,102,81,Vata
73,30,105,Kapha
108,90,34,Vata
28,119,56,Pitta
78,122,65,Pitta
39,7,109,Kapha
22,52,49,Pitta-Kapha
145,18,114,Vata
146,125,22,Vata
42,127,109,Pitta
17,2,90,Kapha
121,90,61,Vata
94,113,94,Pitta
125,138,95,Pitta
52,39,82,Kapha
75,75,81,Kapha
136,16,115,Vata
57,6,86,Kapha
139,107,84,Vata
138,117,150,Kapha
19,16,69,Kapha
38,87,127,Kapha
98,18,22,Vata
114,11,39,Vata
35,39,64,Kapha
113,86,5,Vata
7,1,48,Kapha
145,60,68,Vata
74,16,133,Kapha
81,35,134,Kapha
0,54,30,Pitta
61,140,62,Pitta
26,60,130,Kapha
43,116,131,Kapha
60,106,27,Pitta
7,1,17,Kapha
38,86,13,Pitta
108,13,69,Vata
43,57,73,Kapha
115,46,79,Vata
39,88,108,Kapha
24,50,109,Kapha
59,69,135,Kapha
90,128,67,Pitta
133,59,125,Vata
141,10,58,Vata
20,122,77,Pitta
47,82,90,Kapha
141,147,128,Pitta
46,120,46,Pitta
78,124,142,Kapha
67,18,83,Kapha
129,76,99,Vata
108,83,110,Kapha-Vata
37,128,28,Pitta
128,79,114,Vata
147,109,87,Vata
115,71,38,Vata
134,78,48,Vata
51,6,24,Vata
145,78,57,Vata
106,107,0,Pitta-Vata
91,138,9,Pitta
31,102,40,Pitta
97,3,24,Vata
7,24,61,Kapha
97,73,29,Vata
50,91,54,Pitta
76,53,59,Vata
26,36,44,Kapha
60,129,120,Pitta
67,44,137,Kapha
150,67,0,Vata
116,89,114,Vata-Kapha
39,64,148,Kapha
69,43,148,Kapha
138,59,29,Vata
94,33,68,Vata
104,31,139,Kapha
13,33,77,Kapha
42,55,48,Pitta
11,55,139,Kapha
35,47,55,Kapha
10,89,74,Pitta
83,112,139,Kapha
143,1,115,Vata
125,121,2,Vata-Pitta
2,150,105,Pitta
72,90,74,Pitta
41,84,51,Pitta
150,11,129,Vata
102,12,80,Vata
133,51,90,Vata
146,140,76,Vata
47,82,82,Pitta-Kapha
30,26,89,Kapha
99,86,21,Vata
8,145,99,Pitta
127,134,134,Pitta-Kapha
9,103,133,Kapha
89,37,37,Vata
108,104,29,Vata-Pitta
109,5,29,Vata
79,12,129,Kapha
95,7,98,Kapha-Vata
33,28,31,Vata-Kapha
39,142,142,Pitta-Kapha
4,37,17,Pitta
43,106,63,Pitta
123,72,13,Vata
131,140,116,Pitta
70,21,124,Kapha
86,11,37,Vata
129,18,67,Vata
131,49,108,Vata
83,148,37,Pitta
131,108,35,Vata
24,123,142,Kapha
52,21,104,Kapha
106,88,117,Kapha
32,126,28,Pitta
96,3,127,Kapha
13,52,68,Kapha
7,71,149,Kapha
128,106,115,Vata
60,144,139,Pitta-Kapha
119,59,29,Vata
138,4,144,Kapha
142,64,79,Vata
91,22,77,Vata
80,34,4,Vata
16,146,104,Pitta
72,36,13,Vata
63,49,60,Vata
47,8,16,Vata
59,9,14,Vata
51,94,20,Pitta
42,64,21,Pitta
107,47,28,Vata
139,147,150,Kapha-Pitta
74,123,8,Pitta
22,124,29,Pitta
142,55,30,Vata
31,73,102,Kapha
110,84,132,Kapha
39,148,131,Pitta
68,113,60,Pitta
94,126,118,Pitta
99,70,65,Vata
99,93,131,Kapha
64,74,106,Kapha
53,84,83,Pitta-Kapha
132,17,82,Vata
30,27,71,Kapha
94,9,120,Kapha
100,51,91,Vata
36,94,79,Pitta
149,145,89,Vata-Pitta
69,63,9,Vata
9,27,76,Kapha
101,13,48,Vata
39,34,44,Kapha
10,85,82,Pitta-Kapha
43,79,8,Pitta
87,116,75,Pitta
112,8,44,Vata
1,2,150,Kapha
126,40,71,Vata
37,17,2,Vata
66,135,119,Pitta
116,138,22,Pitta
41,106,33,Pitta
15,103,145,Kapha
87,77,13,Vata
53,70,6,Pitta
70,91,104,Kapha
71,41,72,Kapha-Vata
69,149,78,Pitta
7,10,59,Kapha
27,84,108,Kapha
108,11,12,Vata
121,42,61,Vata
148,37,134,Vata
40,64,49,Pitta
57,13,101,Kapha
35,48,49,Kapha-Pitta
15,142,71,Pitta
138,107,121,Vata
1,11,86,Kapha
84,134,58,Pitta
86,124,108,Pitta
133,69,9,Vata
91,38,130,Kapha
130,43,57,Vata
45,25,111,Kapha
32,134,123,Pitta
20,119,114,Pitta-Kapha
84,72,90,Kapha
57,60,116,Kapha
25,126,4,Pitta
125,133,128,Pitta-Kapha
146,25,27,Vata
124,69,101,Vata
137,119,50,Vata
147,18,62,Vata
36,18,141,Kapha
99,76,113,Kapha
92,67,47,Vata
86,106,113,Kapha
59,94,106,Kapha
18,119,63,Pitta
137,102,102,Vata
24,75,6,Pitta
31,124,93,Pitta
149,124,63,Vata
15,45,93,Kapha
32,112,42,Pitta
17,42,83,Kapha
15,65,108,Kapha
128,31,65,Vata
58,94,146,Kapha
45,109,60,Pitta
72,54,24,Vata
114,125,12,Pitta
100,89,128,Kapha
87,135,146,Kapha
110,125,108,Pitta
26,64,45,Pitta
27,150,17,Pitta
49,86,15,Pitta
146,15,110,Vata
129,81,49,Vata
124,55,98,Vata
37,29,149,Kapha
27,32,38,Kapha
130,53,106,Vata
132,108,104,Vata
55,20,79,Kapha
129,49,117,Vata
19,33,4,Pitta
136,75,115,Vata
104,44,78,Vata
11,79,88,Kapha
112,50,1,Vata
130,103,19,Vata
120,64,10,Vata
71,96,90,Pitta
106,135,82,Pitta
10,124,108,Pitta
132,84,130,Vata-Kapha
127,140,75,Pitta
128,116,26,Vata
59,11,52,Vata
122,100,73,Vata
73,107,33,Pitta
89,27,19,Vata
147,131,69,Vata
110,134,134,Pitta-Kapha
1,111,42,Pitta
84,64,148,Kapha
48,90,76,Pitta
112,131,78,Pitta
71,58,139,Kapha
5,145,34,Pitta
47,74,18,Pitta
47,36,0,Vata
86,19,2,Vata
27,129,2,Pitta
61,71,148,Kapha
72,84,53,Pitta
124,14,146,Kapha
95,54,0,Vata
110,19,42,Vata
47,125,121,Pitta-Kapha
48,50,26,Pitta-Vata
98,107,24,Pitta
11,58,34,Pitta
93,37,92,Vata-Kapha
55,18,129,Kapha
6,1,119,Kapha
121,113,60,Vata
0,57,76,Kapha
50,10,102,Kapha
52,115,96,Pitta
147,123,89,Vata
0,135,93,Pitta
88,144,117,Pitta
91,29,149,Kapha
2,29,40,Kapha
75,42,117,Kapha
16,21,149,Kapha
89,50,134,Kapha
66,38,115,Kapha
54,113,44,Pitta
48,121,142,Kapha
92,63,133,Kapha
17,31,114,Kapha
78,124,52,Pitta
3,56,75,Kapha
31,34,142,Kapha
73,62,88,Kapha
147,123,35,Vata
50,117,64,Pitta
20,106,140,Kapha
79,53,56,Vata
125,95,77,Vata
47,132,2,Pitta
81,18,53,Vata
64,120,83,Pitta
79,112,52,Pitta
149,57,128,Vata
42,107,146,Kapha
110,100,2,Vata
78,142,80,Pitta
118,143,3,Pitta
15,57,92,Kapha
101,59,145,Kapha
19,116,41,Pitta
120,108,137,Kapha
26,26,7,Vata-Pitta
29,112,64,Pitta
40,66,142,Kapha
8,129,132,Kapha-Pitta
142,88,142,Vata-Kapha
4,88,20,Pitta
97,82,24,Vata
34,27,42,Kapha
73,32,110,Kapha
140,15,126,Vata
77,97,150,Kapha
91,8,6,Vata
25,138,20,Pitta
80,14,31,Vata
48,29,116,Kapha
69,122,117,Pitta-Kapha
18,65,114,Kapha
142,150,63,Pitta
140,95,89,Vata
141,80,28,Vata
2,145,39,Pitta
67,76,103,Kapha
98,87,125,Kapha
84,135,31,Pitta
10,38,106,Kapha
112,45,44,Vata
73,53,131,Kapha
27,103,53,Pitta
147,135,85,Vata
4,1,64,Kapha
74,44,2,Vata
61,71,142,Kapha
118,61,132,Kapha
13,12,46,Kapha
89,108,13,Pitta
72,14,4,Vata
2,5,116,Kapha
117,140,138,Pitta-Kapha
103,21,32,Vata
142,85,53,Vata
22,150,32,Pitta
139,114,122,Vata
138,31,56,Vata
82,110,50,Pitta
101,109,47,Pitta
1,39,94,Kapha
142,131,59,Vata
130,145,118,Pitta
123,49,15,Vata
109,4,9,Vata
23,13,120,Kapha
65,133,10,Pitta
24,35,61,Kapha
82,122,74,Pitta
90,134,20,Pitta
0,124,144,Kapha
17,147,7,Pitta
51,61,86,Kapha
29,77,9,Pitta
75,137,65,Pitta
28,65,41,Pitta
89,37,62,Vata
103,32,66,Vata
3,3,37,Kapha
11,143,41,Pitta
43,149,79,Pitta
146,7,18,Vata
140,99,139,Vata-Kapha
32,52,53,Kapha-Pitta
120,128,121,Pitta
144,44,108,Vata
74,17,110,Kapha
92,68,107,Kapha
33,66,15,Pitta
146,100,74,Vata
119,124,59,Pitta-Vata
59,63,115,Kapha
69,31,54,Vata
132,30,25,Vata
136,18,57,Vata
98,23,136,Kapha
63,131,147,Kapha
51,4,106,Kapha
72,72,110,Kapha
149,134,88,Vata
118,3,49,Vata
97,132,49,Pitta
42,92,134,Kapha
3,75,3,Pitta
141,120,131,Vata
128,122,15,Vata
14,105,27,Pitta
62,17,52,Vata
0,44,13,Pitta
55,31,116,Kapha
89,136,47,Pitta
117,72,26,Vata
82,60,21,Vata
85,44,57,Vata
56,126,2,Pitta
79,90,109,Kapha
111,111,9,Vata-Pitta
107,23,137,Kapha
52,3,2,Vata
124,39,117,Vata
98,107,99,Pitta
58,32,23,Vata
103,61,133,Kapha
48,41,1,Vata
14,79,79,Pitta-Kapha
95,97,50,Pitta-Vata
39,28,62,Kapha
99,96,128,Kapha
118,143,21,Pitta
129,4,49,Vata
65,117,27,Pitta
3,118,79,Pitta
21,103,117,Kapha
59,150,111,Pitta
108,12,143,Kapha
146,124,148,Kapha-Vata
85,80,128,Kapha
78,30,41,Vata
48,39,20,Vata
147,49,83,Vata
24,53,121,Kapha
144,101,47,Vata
94,25,40,Vata
65,122,95,Pitta
58,99,108,Kapha
8,87,24,Pitta
49,94,26,Pitta
136,25,108,Vata
128,125,30,Vata-Pitta
98,103,116,Kapha
130,100,57,Vata
73,134,107,Pitta
23,109,101,Pitta
33,139,55,Pitta
117,1,90,Vata
50,133,19,Pitta
66,81,117,Kapha
148,17,57,Vata
141,81,11,Vata
12,84,3,Pitta
81,113,54,Pitta
65,94,72,Pitta
21,65,116,Kapha
45,92,69,Pitta
128,132,41,Pitta-Vata
68,92,27,Pitta
24,114,35,Pitta
77,115,29,Pitta
145,91,100,Vata
85,137,49,Pitta
57,116,100,Pitta
80,93,70,Pitta
57,39,124,Kapha
53,44,131,Kapha
56,113,16,Pitta
91,57,22,Vata
104,123,37,Pitta
106,108,97,Pitta-Vata
101,89,92,Vata
78,50,1,Vata
53,68,123,Kapha
35,4,54,Kapha
108,113,28,Pitta-Vata
16,112,104,Pitta
102,31,11,Vata
27,19,24,Vata-Kapha
62,135,57,Pitta
124,27,136,Kapha
17,125,54,Pitta
51,45,128,Kapha
76,28,87,Kapha
101,131,5,Pitta
17,53,14,Pitta
85,74,99,Kapha
19,14,45,Kapha
95,68,30,Vata
85,113,14,Pitta
84,99,13,Pitta
12,88,115,Kapha
31,22,85,Kapha
53,127,103,Pitta
131,77,64,Vata
26,64,23,Pitta
78,54,128,Kapha
106,5,65,Vata
36,109,120,Kapha
16,71,25,Pitta
5,65,125,Kapha
53,91,144,Kapha
19,148,26,Pitta
147,57,70,Vata
146,4,95,Vata
56,54,122,Kapha
20,66,76,Kapha
82,108,50,Pitta
49,143,15,Pitta
79,53,100,Kapha
90,29,79,Vata
18,83,85,Kapha-Pitta
72,29,43,Vata
132,87,14,Vata
3,18,97,Kapha
81,126,15,Pitta
15,99,129,Kapha
126,56,81,Vata
10,125,63,Pitta
93,130,14,Pitta
65,60,74,Kapha
9,32,44,Kapha
7,19,108,Kapha
138,38,66,Vata
64,39,68,Kapha-Vata
53,34,33,Vata
10,83,68,Pitta
28,79,93,Kapha
101,135,100,Pitta
13,113,10,Pitta
136,127,8,Vata
0,16,106,Kapha
122,90,146,Kapha
24,40,109,Kapha
142,4,148,Kapha
58,115,40,Pitta
136,126,146,Kapha
124,134,68,Pitta
61,149,82,Pitta
2,49,22,Pitta
88,77,1,Vata
105,26,16,Vata
34,101,129,Kapha
74,59,100,Kapha
0,21,63,Kapha
115,126,133,Kapha
69,148,27,Pitta
24,92,98,Kapha
10,82,98,Kapha
19,28,99,Kapha
136,9,21,Vata
47,85,47,Pitta
130,107,119,Vata
31,133,36,Pitta
63,110,117,Kapha
133,149,150,Kapha-Pitta
13,140,140,Pitta-Kapha
138,150,60,Pitta
85,53,146,Kapha
98,61,47,Vata
140,56,42,Vata
65,6,67,Kapha-Vata
34,128,35,Pitta
88,49,138,Kapha
88,16,79,Vata
28,150,100,Pitta
0,80,52,Pitta
100,90,26,Vata
1,72,17,Pitta
139,70,150,Kapha
95,14,144,Kapha
139,108,87,Vata
74,43,67,Vata
40,38,126,Kapha
116,139,76,Pitta
64,134,6,Pitta
97,145,50,Pitta
95,12,121,Kapha
78,121,111,Pitta
6,136,69,Pitta
122,34,137,Kapha
135,44,128,Vata
145,150,7,Pitta-Vata
131,8,148,Kapha
115,146,129,Pitta
144,67,105,Vata
133,26,37,Vata
4,67,62,Pitta-Kapha
96,30,61,Vata
50,97,49,Pitta
36,59,20,Pitta
140,144,106,Pitta-Vata
105,53,109,Kapha-Vata
22,150,54,Pitta
70,5,120,Kapha
96,17,60,Vata
48,124,24,Pitta
51,1,60,Kapha
102,34,63,Vata
99,138,97,Pitta
143,45,87,Vata
65,125,92,Pitta
56,132,105,Pitta
137,101,104,Vata
140,75,67,Vata
43,66,120,Kapha
1,126,29,Pitta
83,31,55,Vata
82,127,18,Pitta
90,79,23,Vata
1,0,94,Kapha
59,115,90,Pitta
107,103,83,Vata-Pitta
112,36,11,Vata
19,116,109,Pitta
94,71,1,Vata
61,100,61,Pitta
33,137,89,Pitta
113,106,18,Vata
52,103,61,Pitta
6,60,1,Pitta
4,78,96,Kapha
65,27,138,Kapha
111,57,144,Kapha
67,72,108,Kapha
125,117,105,Vata
130,104,90,Vata
88,108,98,Pitta
13,10,9,Vata-Pitta
79,120,118,Pitta-Kapha
3,87,53,Pitta
37,28,99,Kapha
84,145,110,Pitta
74,57,136,Kapha
111,23,74,Vata
19,142,118,Pitta
127,39,15,Vata
82,12,34,Vata
129,33,46,Vata
9,14,122,Kapha
15,120,134,Kapha
20,137,21,Pitta
107,12,0,Vata
126,148,12,Pitta
20,59,80,Kapha
96,135,140,Kapha-Pitta
12,99,16,Pitta
25,16,76,Kapha
0,12,13,Kapha-Pitta
96,24,20,Vata
130,111,123,Vata
26,29,79,Kapha
95,37,141,Kapha
113,94,48,Vata
15,0,112,Kapha
68,30,32,Vata
60,150,54,Pitta
100,62,63,Vata
12,67,71,Kapha-Pitta
4,122,43,Pitta
74,65,132,Kapha
59,37,109,Kapha
4,73,138,Kapha
34,55,53,Pitta-Kapha
136,50,143,Kapha
106,145,92,Pitta
84,51,81,Vata-Kapha
8,15,116,Kapha
106,31,60,Vata
140,48,11,Vata
55,67,36,Pitta
14,92,75,Pitta
102,34,127,Kapha
128,86,0,Vata
86,105,110,Kapha-Pitta
6,74,5,Pitta
59,135,0,Pitta
73,11,145,Kapha
18,42,143,Kapha
49,60,107,Kapha
78,7,14,Vata
101,5,135,Kapha
116,127,62,Pitta
92,101,119,Kapha
67,146,41,Pitta
79,39,66,Vata
114,70,4,Vata
69,71,128,Kapha
76,66,4,Vata
80,109,127,Kapha
79,115,12,Pitta
120,34,87,Vata
140,53,82,Vata
87,48,79,Vata
108,3,127,Kapha
94,8,88,Vata
82,97,67,Pitta
147,94,133,Vata
128,140,111,Pitta
125,53,22,Vata
17,92,145,Kapha
18,95,136,Kapha
44,1,119,Kapha
129,78,49,Vata
73,91,150,Kapha
33,35,92,Kapha
92,63,55,Vata
14,101,65,Pitta
102,41,103,Kapha-Vata
27,148,100,Pitta
87,28,39,Vata
26,71,69,Pitta-Kapha
120,90,55,Vata
68,2,141,Kapha
125,104,60,Vata
109,47,39,Vata
127,84,105,Vata
45,69,144,Kapha
67,115,51,Pitta
96,4,18,Vata
130,42,26,Vata
49,1,32,Vata
49,97,114,Kapha
133,126,132,Vata-Kapha
117,128,24,Pitta
11,95,74,Pitta
60,35,26,Vata
138,94,119,Vata
125,47,116,Vata
94,52,149,Kapha
117,148,35,Pitta
26,30,106,Kapha
82,130,117,Pitta
42,4,117,Kapha
108,43,53,Vata
80,96,85,Pitta
103,148,64,Pitta
23,77,6,Pitta
4,139,88,Pitta
56,95,43,Pitta
37,100,21,Pitta
105,143,37,Pitta
44,132,97,Pitta
90,144,72,Pitta
115,90,136,Kapha
136,61,27,Vata
71,38,43,Vata
20,113,26,Pitta
28,1,93,Kapha
83,25,142,Kapha
10,88,31,Pitta
59,17,107,Kapha
128,1,145,Kapha
56,100,129,Kapha
101,15,137,Kapha
5,15,16,Kapha-Pitta
122,102,22,Vata
72,51,78,Kapha
105,98,146,Kapha
23,22,25,Kapha-Vata
43,91,16,Pitta
116,11,62,Vata
67,38,15,Vata
89,65,70,Vata
145,92,148,Kapha-Vata
140,119,119,Vata
61,125,30,Pitta
100,41,30,Vata
125,83,99,Vata
61,61,105,Kapha
113,103,50,Vata
74,129,26,Pitta
23,107,70,Pitta
79,33,67,Vata
46,39,72,Kapha
146,1,55,Vata
134,54,140,Kapha
83,57,84,Kapha-Vata
54,146,109,Pitta
97,78,149,Kapha
21,41,67,Kapha
49,70,55,Pitta
97,10,150,Kapha
85,62,9,Vata
83,128,12,Pitta
25,1,80,Kapha
82,19,71,Vata
77,91,142,Kapha
139,69,35,Vata
100,25,127,Kapha
79,25,38,Vata
97,143,65,Pitta
32,77,28,Pitta
2,30,133,Kapha
103,93,55,Vata
124,57,95,Vata
6,124,54,Pitta
28,6,98,Kapha
68,62,112,Kapha
127,139,146,Kapha
119,59,124,Kapha-Vata
18,147,80,Pitta
133,26,100,Vata
15,104,33,Pitta
105,42,126,Kapha
71,77,43,Pitta
99,111,96,Pitta
36,99,100,Kapha-Pitta
12,123,16,Pitta
148,57,105,Vata
54,23,50,Vata
131,124,12,Vata
104,9,32,Vata
56,98,75,Pitta
122,147,74,Pitta
91,48,68,Vata
95,81,110,Kapha
147,31,149,Kapha-Vata
95,144,51,Pitta
60,101,104,Kapha-Pitta
135,15,1,Vata
19,91,129,Kapha
77,103,65,Pitta
6,111,9,Pitta
66,104,117,Kapha
78,69,16,Vata
107,65,132,Kapha
39,0,108,Kapha
118,70,85,Vata
23,134,105,Pitta
85,11,94,Kapha
78,122,115,Pitta
119,149,127,Pitta
93,82,81,Vata
38,102,134,Kapha
21,52,111,Kapha
92,40,125,Kapha
26,125,88,Pitta
27,132,123,Pitta
135,44,76,Vata
85,140,79,Pitta
18,24,49,Kapha
68,149,87,Pitta
92,0,143,Kapha
143,77,62,Vata
20,50,72,Kapha
70,58,107,Kapha
2,44,120,Kapha
54,43,79,Kapha
90,123,57,Pitta
149,13,16,Vata
101,142,53,Pitta
115,118,141,Kapha
8,15,107,Kapha
126,129,127,Pitta-Kapha
70,63,73,Kapha-Vata
86,150,88,Pitta
46,139,8,Pitta
79,42,43,Vata
125,124,132,Kapha
6,99,104,Kapha-Pitta
76,98,60,Pitta
89,11,137,Kapha
100,87,59,Vata
109,81,18,Vata
139,21,41,Vata
66,98,24,Pitta
80,139,97,Pitta
58,23,5,Vata
47,17,23,Vata
35,87,84,Pitta-Kapha
83,122,97,Pitta
131,88,72,Vata
21,83,51,Pitta
114,70,14,Vata
125,15,136,Kapha
144,21,142,Vata-Kapha
132,49,87,Vata
97,143,97,Pitta
135,139,10,Pitta-Vata
116,21,102,Vata
105,71,12,Vata
128,26,139,Kapha
121,100,95,Vata
96,24,69,Vata
150,94,38,Vata
67,53,122,Kapha
17,62,57,Pitta
44,65,8,Pitta
99,26,124,Kapha
79,94,113,Kapha
123,136,92,Pitta
43,64,0,Pitta
110,43,3,Vata
63,136,10,Pitta
82,83,9,Pitta-Vata
84,10,110,Kapha
43,147,50,Pitta
123,139,76,Pitta
12,56,44,Pitta
46,45,70,Kapha
13,148,49,Pitta
91,100,112,Kapha
12,105,83,Pitta
9,67,115,Kapha
101,64,102,Kapha-Vata
11,141,142,Kapha-Pitta
80,41,92,Kapha
16,84,97,Kapha
92,76,123,Kapha
35,38,14,Pitta-Vata
137,77,132,Vata-Kapha
91,113,5,Pitta
2,33,135,Kapha
140,127,150,Kapha
21,128,23,Pitta
140,143,108,Pitta-Vata
98,64,97,Vata-Kapha
87,32,22,Vata
90,99,126,Kapha
123,111,51,Vata
54,25,71,Kapha
121,132,70,Pitta
116,87,42,Vata
145,3,91,Vata
57,135,2,Pitta
137,5,128,Vata
43,107,56,Pitta
72,125,58,Pitta
123,84,30,Vata
127,3,119,Vata
136,89,52,Vata
88,110,96,Pitta
2,28,4,Pitta
53,25,105,Kapha
144,98,141,Vata-Kapha
88,96,59,Pitta
73,29,60,Vata
11,94,119,Kapha
138,150,110,Pitta
147,150,42,Pitta-Vata
115,92,147,Kapha
12,107,7,Pitta
24,48,98,Kapha
38,80,48,Pitta
147,81,49,Vata
111,104,128,Kapha
49,80,145,Kapha
14,104,1,Pitta
52,37,76,Kapha
17,84,60,Pitta
117,0,60,Vata
111,97,76,Vata
92,32,46,Vata
39,84,142,Kapha
115,98,109,Vata
123,92,146,Kapha
95,72,147,Kapha
117,111,130,Kapha
70,19,59,Vata
30,74,35,Pitta
119,100,87,Vata
116,54,39,Vata
41,117,137,Kapha
138,143,147,Kapha-Pitta
47,39,134,Kapha
122,144,149,Kapha-Pitta
144,23,35,Vata
37,148,30,Pitta
24,31,89,Kapha
72,53,113,Kapha
95,118,46,Pitta
145,95,51,Vata
128,41,26,Vata
113,143,53,Pitta
111,128,52,Pitta
125,136,35,Pitta
67,25,134,Kapha
141,12,99,Vata
73,75,7,Pitta-Vata
138,61,39,Vata
51,1,71,Kapha
63,141,89,Pitta
109,52,42,Vata
55,92,104,Kapha
142,112,111,Vata
19,56,46,Pitta
133,113,148,Kapha
120,100,50,Vata
16,16,1,Vata-Pitta
96,34,12,Vata
117,141,7,Pitta
32,139,77,Pitta
39,70,32,Pitta
20,48,40,Pitta
92,56,104,Kapha
97,64,36,Vata
76,110,45,Pitta
92,133,102,Pitta
108,106,70,Vata-Pitta
103,70,32,Vata
21,47,30,Pitta
133,6,131,Vata-Kapha
59,30,60,Kapha-Vata
92,29,36,Vata
104,54,134,Kapha
54,136,125,Pitta
104,74,37,Vata
108,62,6,Vata
29,127,33,Pitta
13,38,51,Kapha
77,116,72,Pitta
138,101,113,Vata
145,21,44,Vata
125,2,136,Kapha
147,135,131,Vata
111,17,97,Vata
149,95,110,Vata
142,52,55,Vata
102,129,37,Pitta
135,79,63,Vata
80,145,94,Pitta
79,76,91,Kapha
120,18,17,Vata
112,75,48,Vata
78,60,10,Vata
61,35,90,Kapha
85,97,33,Pitta
142,135,124,Vata
141,26,19,Vata
127,123,49,Vata-Pitta
47,65,139,Kapha
95,36,137,Kapha
5,0,118,Kapha
10,91,56,Pitta
82,88,109,Kapha
113,33,92,Vata
123,90,37,Vata
142,30,8,Vata
36,85,116,Kapha
142,128,21,Vata
34,149,74,Pitta
64,100,144,Kapha
56,66,100,Kapha
98,137,66,Pitta
149,131,145,Vata-Kapha
68,1,24,Vata
51,82,148,Kapha
80,13,31,Vata
132,47,103,Vata
140,2,73,Vata
82,88,101,Kapha
123,115,113,Vata
140,20,35,Vata
6,136,7,Pitta
74,138,79,Pitta
141,45,99,Vata
79,74,129,Kapha
122,105,125,Kapha-Vata
99,65,76,Vata
107,53,88,Vata
98,32,87,Vata
5,133,13,Pitta
149,69,123,Vata
71,131,44,Pitta
96,28,134,Kapha
14,28,22,Pitta
124,39,84,Vata
16,143,48,Pitta
102,137,136,Pitta-Kapha
57,105,102,Pitta-Kapha
108,65,74,Vata
103,22,113,Kapha
63,124,99,Pitta
35,24,10,Vata
128,108,45,Vata
138,6,17,Vata
70,27,79,Kapha
127,5,105,Vata
101,101,137,Kapha
84,94,25,Pitta
50,137,125,Pitta
40,25,1,Vata
39,67,113,Kapha
143,71,96,Vata
16,64,98,Kapha
4,26,30,Kapha
8,39,62,Kapha
65,75,135,Kapha
124,36,21,Vata
98,135,80,Pitta
138,53,98,Vata
149,87,106,Vata
122,86,27,Vata
89,91,57,Pitta-Vata
20,119,9,Pitta
6,35,39,Kapha
61,24,32,Vata
46,34,47,Kapha-Vata
91,131,59,Pitta
32,129,113,Pitta
60,66,52,Pitta
144,120,22,Vata
42,115,77,Pitta
30,148,134,Pitta
103,89,132,Kapha
139,73,72,Vata
66,135,3,Pitta
137,59,45,Vata
53,145,141,Pitta-Kapha
83,50,94,Kapha
136,78,78,Vata
90,123,130,Kapha
119,29,146,Kapha
133,89,135,Kapha-Vata
24,64,139,Kapha
36,55,1,Pitta
89,140,120,Pitta
91,150,98,Pitta
75,58,21,Vata
79,20,44,Vata
75,122,13,Pitta
49,38,131,Kapha
76,44,143,Kapha
129,122,45,Vata
133,91,15,Vata
148,107,108,Vata
112,130,34,Pitta
42,80,80,Pitta-Kapha
35,37,112,Kapha
111,32,35,Vata
122,28,35,Vata
141,68,43,Vata
85,37,31,Vata
111,32,21,Vata
122,72,49,Vata
4,67,148,Kapha
69,70,119,Kapha
128,72,9,Vata
66,27,122,Kapha
15,21,136,Kapha
148,113,142,Vata
93,25,93,Vata-Kapha
121,86,15,Vata
139,89,75,Vata
149,96,66,Vata
19,134,117,Pitta
126,55,39,Vata
12,16,103,Kapha
54,44,106,Kapha
123,38,32,Vata
83,126,96,Pitta
20,147,56,Pitta
78,10,109,Kapha
22,10,146,Kapha
69,93,129,Kapha
91,15,81,Vata
150,64,54,Vata
144,21,69,Vata
115,27,146,Kapha
142,24,137,Vata-Kapha
142,15,40,Vata
86,37,113,Kapha
144,90,137,Vata
69,67,106,Kapha
52,41,92,Kapha
45,88,146,Kapha
99,71,27,Vata
137,84,135,Vata-Kapha
104,6,84,Vata
135,97,26,Vata
64,80,25,Pitta
84,9,69,Vata
131,118,59,Vata
98,10,135,Kapha
47,141,116,Pitta
61,30,98,Kapha
86,28,76,Vata
78,106,50,Pitta
18,124,32,Pitta
41,80,66,Pitta
38,52,144,Kapha
24,41,56,Kapha
80,58,54,Vata
83,94,44,Pitta
145,74,89,Vata
84,126,30,Pitta
119,107,76,Vata
0,23,26,Kapha-Pitta
87,75,25,Vata
62,40,127,Kapha
98,126,53,Pitta
99,40,112,Kapha
66,9,38,Vata
114,91,120,Kapha
30,28,2,Vata-Pitta
68,134,88,Pitta
93,10,1,Vata
98,26,63,Vata
55,100,11,Pitta
68,56,130,Kapha
97,48,20,Vata
36,128,106,Pitta
118,60,139,Kapha
128,12,15,Vata
140,62,132,Vata
20,55,0,Pitta
37,2,94,Kapha
65,43,21,Vata
73,96,69,Pitta
21,51,57,Kapha
55,88,36,Pitta
6,90,131,Kapha
14,11,89,Kapha
53,33,122,Kapha
149,125,52,Vata
44,43,93,Kapha
9,93,92,Pitta-Kapha
30,81,23,Pitta
141,119,141,Vata-Kapha
13,145,7,Pitta
136,11,59,Vata
148,102,123,Vata
82,83,93,Kapha
18,74,103,Kapha
102,34,34,Vata
115,82,63,Vata
9,103,66,Pitta
91,80,15,Vata
39,67,112,Kapha
5,66,111,Kapha
137,54,15,Vata
110,35,50,Vata
53,35,122,Kapha
104,70,120,Kapha
129,48,39,Vata
44,133,3,Pitta
74,137,95,Pitta
129,148,18,Pitta
15,76,19,Pitta
73,86,96,Kapha
129,76,115,Vata
143,139,36,Vata-Pitta
42,94,109,Kapha
26,66,138,Kapha
110,45,99,Vata
107,2,119,Kapha
104,98,73,Vata
83,86,71,Pitta-Vata
98,14,150,Kapha
69,12,89,Kapha
122,105,97,Vata
28,113,37,Pitta
49,136,2,Pitta
81,39,104,Kapha
57,52,55,Vata-Kapha
24,75,91,Kapha
4,105,96,Pitta
109,105,44,Vata-Pitta
111,100,89,Vata
56,97,48,Pitta
92,35,122,Kapha
43,60,86,Kapha
65,20,28,Vata
5,81,93,Kapha
134,147,45,Pitta
38,107,146,Kapha
133,44,23,Vata
134,64,134,Vata-Kapha
41,51,105,Kapha
124,18,109,Vata
98,117,49,Pitta
64,101,27,Pitta
97,35,75,Vata
77,79,83,Kapha-Pitta
11,67,117,Kapha
29,127,126,Pitta-Kapha
40,113,104,Pitta
61,141,6,Pitta
49,44,116,Kapha
13,64,53,Pitta
28,86,65,Pitta
99,32,137,Kapha
2,65,47,Pitta
77,94,73,Pitta
43,24,70,Kapha
143,132,99,Vata
8,26,146,Kapha
23,107,75,Pitta
4,85,141,Kapha
67,126,56,Pitta
95,78,55,Vata
88,66,43,Vata
23,136,139,Kapha-Pitta
76,24,97,Kapha
132,114,140,Kapha
36,35,57,Kapha
81,36,25,Vata
135,27,30,Vata
43,27,75,Kapha
142,106,94,Vata
142,139,40,Vata-Pitta
38,99,142,Kapha
20,45,32,Pitta
32,92,33,Pitta
50,5,86,Kapha
125,136,105,Pitta
54,81,63,Pitta
105,88,26,Vata
138,103,0,Vata
106,21,110,Kapha-Vata
121,15,25,Vata
78,13,98,Kapha
140,90,97,Vata
70,58,82,Kapha
20,27,49,Kapha
140,119,28,Vata
17,50,142,Kapha
18,3,84,Kapha
136,132,0,Vata-Pitta
135,49,69,Vata
59,127,61,Pitta
38,124,98,Pitta
32,112,111,Pitta-Kapha
134,110,93,Vata
98,55,81,Vata
7,93,18,Pitta
54,77,29,Pitta
27,125,111,Pitta
139,66,28,Vata
26,61,82,Kapha
118,132,79,Pitta
51,23,64,Kapha
20,52,78,Kapha
59,138,42,Pitta
42,40,33,Vata-Pitta
61,146,88,Pitta
2,88,129,Kapha
95,141,81,Pitta
87,64,18,Vata
10,91,105,Kapha
65,79,107,Kapha
70,38,105,Kapha
39,100,71,Pitta
10,73,130,Kapha
129,94,52,Vata
112,112,118,Kapha
97,141,75,Pitta
126,43,132,Kapha
99,47,130,Kapha
12,107,120,Kapha
64,6,117,Kapha
89,48,76,Vata
104,50,34,Vata
78,49,130,Kapha
67,10,133,Kapha
104,0,133,Kapha
18,123,28,Pitta
129,108,47,Vata
96,76,67,Vata
115,5,72,Vata
69,76,49,Pitta
6,2,111,Kapha
1,109,27,Pitta
20,10,35,Kapha
52,144,93,Pitta
41,24,121,Kapha
137,117,134,Vata-Kapha
65,94,17,Pitta
101,47,53,Vata
63,2,9,Vata
127,92,138,Kapha
70,72,59,Pitta-Vata
21,130,133,Kapha-Pitta
36,8,67,Kapha
23,97,148,Kapha
103,61,134,Kapha
136,50,26,Vata
5,4,37,Kapha
97,50,150,Kapha
114,115,29,Pitta-Vata
64,48,65,Kapha-Vata
139,73,8,Vata
91,126,133,Kapha
41,31,53,Kapha
48,143,26,Pitta
49,113,70,Pitta
116,28,30,Vata
136,85,147,Kapha
102,18,54,Vata
138,150,42,Pitta
20,144,85,Pitta
19,26,67,Kapha
120,76,98,Vata
11,70,26,Pitta
35,40,62,Kapha
48,97,134,Kapha
41,59,5,Pitta
74,44,17,Vata
147,134,114,Vata
44,69,92,Kapha
80,83,37,Pitta-Vata
69,13,59,Vata
70,127,81,Pitta
18,96,23,Pitta
120,95,98,Vata
53,140,107,Pitta
71,25,106,Kapha
83,64,10,Vata
129,59,128,Vata-Kapha
31,25,137,Kapha
52,66,10,Pitta
114,85,91,Vata
63,69,40,Pitta
46,81,51,Pitta
121,43,98,Vata
9,138,129,Pitta
72,35,76,Kapha-Vata
82,19,99,Kapha
2,52,80,Kapha
58,67,9,Pitta
45,56,106,Kapha
27,132,8,Pitta
112,132,56,Pitta
129,104,18,Vata
150,26,126,Vata
4,17,113,Kapha
87,5,118,Kapha
24,40,57,Kapha
142,91,143,Kapha-Vata
64,18,34,Vata
91,86,149,Kapha
19,47,106,Kapha
17,12,100,Kapha
127,97,20,Vata
38,146,139,Pitta
84,69,22,Vata
86,59,100,Kapha
76,92,25,Pitta
12,110,129,Kapha
94,48,28,Vata
60,96,23,Pitta
0,2,33,Kapha
125,46,84,Vata
131,90,114,Vata
53,38,42,Vata
79,62,79,Vata-Kapha
31,53,136,Kapha
129,139,92,Pitta
143,113,150,Kapha
68,43,144,Kapha
4,133,32,Pitta
145,49,4,Vata
127,93,144,Kapha
80,150,87,Pitta
15,134,81,Pitta
12,104,28,Pitta
124,4,117,Vata
12,111,97,Pitta
78,138,149,Kapha
76,90,15,Pitta
50,108,3,Pitta
15,113,104,Pitta
100,83,104,Kapha-Vata
28,85,71,Pitta
21,36,34,Pitta-Kapha
37,126,8,Pitta
102,80,41,Vata
117,121,120,Pitta-Kapha
25,130,17,Pitta
104,96,54,Vata
85,7,9,Vata
122,24,105,Vata
79,139,22,Pitta
34,131,70,Pitta
49,98,145,Kapha
27,24,119,Kapha
35,115,52,Pitta
91,41,6,Vata
1,102,73,Pitta
7,51,93,Kapha
139,16,24,Vata
82,62,148,Kapha
10,99,132,Kapha
117,25,116,Vata-Kapha
47,132,65,Pitta
64,26,115,Kapha
147,115,68,Vata
3,72,114,Kapha
50,10,108,Kapha
127,144,130,Pitta
44,92,80,Pitta
72,67,91,Kapha
150,127,59,Vata
145,76,69,Vata
65,61,41,Vata-Pitta
103,117,14,Pitta
108,127,27,Pitta
99,35,87,Vata
33,82,137,Kapha
24,147,142,Pitta-Kapha
133,52,105,Vata
54,34,12,Vata
16,131,58,Pitta
140,31,150,Kapha
124,106,103,Vata
23,123,90,Pitta
104,26,68,Vata
117,136,78,Pitta
140,63,24,Vata
21,131,21,Pitta
132,83,104,Vata
56,53,87,Kapha
37,5,3,Vata
86,129,29,Pitta
23,34,46,Kapha
87,91,115,Kapha
81,111,79,Pitta
95,14,108,Kapha
111,66,62,Vata
109,9,124,Kapha
147,6,102,Vata
18,121,109,Pitta
1,106,76,Pitta
20,137,123,Pitta
88,67,31,Vata
141,64,101,Vata
59,55,3,Vata
64,76,131,Kapha
131,14,56,Vata
53,73,120,Kapha
115,41,20,Vata
96,139,50,Pitta
54,31,121,Kapha
79,139,11,Pitta
143,148,144,Pitta-Kapha
139,77,33,Vata
7,91,113,Kapha
143,7,74,Vata
149,105,114,Vata
68,73,34,Pitta-Vata
139,80,38,Vata
143,150,15,Pitta
94,2,119,Kapha
110,48,133,Kapha
52,107,91,Pitta
81,77,108,Kapha
40,117,114,Pitta-Kapha
93,58,121,Kapha
65,124,112,Pitta
34,137,66,Pitta
70,34,72,Kapha-Vata
59,79,144,Kapha
93,143,15,Pitta
103,139,9,Pitta
16,6,149,Kapha
106,5,45,Vata
24,106,139,Kapha
74,112,52,Pitta
73,58,65,Vata
33,83,54,Pitta
73,46,58,Vata
142,27,111,Vata
77,128,2,Pitta
2,37,55,Kapha
124,21,127,Kapha-Vata
92,51,38,Vata
123,133,69,Pitta
113,124,134,Kapha
45,27,73,Kapha
135,15,107,Vata
111,26,81,Vata
65,105,3,Pitta
98,39,98,Vata-Kapha
21,49,104,Kapha
59,99,72,Pitta
88,22,22,Vata
83,109,35,Pitta
104,122,81,Pitta
105,74,82,Vata
150,62,79,Vata
126,133,110,Pitta
97,9,12,Vata
144,106,33,Vata
36,48,143,Kapha
105,126,37,Pitta
27,26,52,Kapha
144,13,103,Vata
4,6,15,Kapha
76,14,34,Vata
23,25,137,Kapha
57,131,43,Pitta
71,34,21,Vata
15,48,67,Kapha
74,12,79,Kapha-Vata
36,79,108,Kapha
39,20,47,Kapha
96,15,69,Vata
35,46,123,Kapha
138,89,57,Vata
30,145,13,Pitta
20,49,48,Pitta-Kapha
120,114,1,Vata
67,87,33,Pitta
14,27,49,Kapha
142,3,55,Vata
78,136,87,Pitta
64,46,0,Vata
103,96,139,Kapha
101,71,34,Vata
58,129,123,Pitta
76,78,150,Kapha
20,47,106,Kapha
17,69,79,Kapha
129,58,32,Vata
77,58,77,Vata-Kapha
113,47,125,Kapha
108,26,45,Vata
150,14,45,Vata
10,7,87,Kapha
36,131,102,Pitta
47,133,29,Pitta
91,61,40,Vata
34,66,63,Pitta-Kapha
110,41,125,Kapha
28,15,130,Kapha
122,3,43,Vata
81,116,64,Pitta
47,66,20,Pitta
21,118,77,Pitta
23,136,19,Pitta
132,85,31,Vata
22,27,69,Kapha
37,124,106,Pitta
35,142,61,Pitta
66,124,19,Pitta
15,150,3,Pitta
93,135,5,Pitta
150,89,14,Vata
122,112,59,Vata
115,126,19,Pitta
97,3,22,Vata
129,48,20,Vata
111,27,111,Vata-Kapha
147,137,79,Vata
144,18,121,Vata
118,150,55,Pitta
14,98,131,Kapha
88,104,61,Pitta
141,148,94,Pitta
34,104,35,Pitta
82,98,118,Kapha
21,1,121,Kapha
85,36,35,Vata
139,30,91,Vata
53,1,86,Kapha
10,94,81,Pitta
88,33,57,Vata
17,102,83,Pitta
117,99,31,Vata
33,43,18,Pitta
12,38,37,Pitta-Kapha
50,102,23,Pitta
73,126,62,Pitta
52,127,114,Pitta
24,13,66,Kapha
11,11,142,Kapha
95,137,116,Pitta
107,56,98,Vata
27,42,80,Kapha
27,0,144,Kapha
103,30,106,Kapha-Vata
136,54,139,Kapha-Vata
84,90,114,Kapha
150,1,109,Vata
88,118,61,Pitta
96,96,27,Vata-Pitta
141,95,68,Vata
148,129,21,Vata
5,69,25,Pitta
148,47,102,Vata
49,104,56,Pitta
92,18,116,Kapha
132,39,123,Vata
121,90,51,Vata
105,3,119,Kapha
84,109,97,Pitta
125,93,36,Vata
73,20,133,Kapha
0,50,10,Pitta
92,14,53,Vata
120,96,31,Vata
141,57,111,Vata
93,84,9,Vata
21,125,40,Pitta
106,60,38,Vata
148,49,89,Vata
103,32,121,Kapha
65,35,24,Vata
16,28,106,Kapha
6,67,41,Pitta
142,84,62,Vata
12,19,95,Kapha
72,10,51,Vata
119,23,127,Kapha
59,59,33,Vata-Pitta
73,130,70,Pitta
77,131,38,Pitta
4,123,95,Pitta
109,5,122,Kapha
11,33,54,Kapha
23,82,120,Kapha
142,16,1,Vata
88,94,27,Pitta
85,43,72,Vata
104,133,116,Pitta
140,8,89,Vata
115,12,101,Vata
47,13,107,Kapha
149,45,91,Vata
97,93,89,Vata-Pitta
79,70,125,Kapha
88,35,123,Kapha
72,35,12,Vata
78,147,104,Pitta
50,20,44,Vata
112,44,65,Vata
86,13,150,Kapha
63,146,23,Pitta
37,14,48,Kapha
111,58,135,Kapha
134,95,150,Kapha
145,129,106,Vata
23,0,139,Kapha
79,90,94,Kapha-Pitta
7,35,112,Kapha
139,107,95,Vata
133,5,3,Vata
10,54,35,Pitta
34,112,105,Pitta
29,19,34,Kapha
32,105,33,Pitta
37,142,150,Kapha
11,34,129,Kapha
16,144,134,Pitta
107,72,18,Vata
62,20,145,Kapha
71,37,79,Kapha
99,80,0,Vata
16,74,39,Pitta
120,74,78,Vata
53,105,24,Pitta
127,48,116,Vata
41,77,95,Kapha
148,68,8,Vata
126,17,46,Vata
97,23,47,Vata
59,56,140,Kapha
109,36,51,Vata
119,20,80,Vata
118,83,148,Kapha
26,91,129,Kapha
31,18,139,Kapha
58,50,94,Kapha
19,24,14,Pitta
113,28,105,Vata
128,58,135,Kapha
58,81,35,Pitta
47,65,145,Kapha
102,100,86,Vata-Pitta
35,103,74,Pitta
55,141,66,Pitta
133,3,148,Kapha
25,129,88,Pitta
32,62,96,Kapha
97,137,5,Pitta
45,135,34,Pitta
40,66,103,Kapha
86,19,31,Vata
102,87,96,Vata
145,143,45,Vata-Pitta
39,123,102,Pitta
35,58,105,Kapha
127,140,149,Kapha
39,27,80,Kapha
68,73,44,Pitta-Vata
14,0,4,Vata
54,123,139,Kapha
148,45,51,Vata
69,135,95,Pitta
139,73,76,Vata
94,101,78,Pitta
92,15,136,Kapha
74,27,66,Vata
102,65,30,Vata
72,115,145,Kapha
147,38,20,Vata
24,90,105,Kapha
65,46,115,Kapha
27,96,125,Kapha
98,146,120,Pitta
79,51,6,Vata
141,141,146,Kapha-Vata
145,57,40,Vata
51,48,138,Kapha
114,32,13,Vata
79,7,94,Kapha
70,118,55,Pitta
11,130,137,Kapha
40,149,118,Pitta
38,93,57,Pitta
55,45,126,Kapha
13,101,121,Kapha
19,13,56,Kapha
34,50,21,Pitta
148,21,62,Vata
8,50,134,Kapha
17,47,14,Pitta
55,105,36,Pitta
72,37,17,Vata
95,42,111,Kapha
109,105,128,Kapha
75,71,140,Kapha
103,67,38,Vata
0,96,137,Kapha
19,13,71,Kapha
22,1,112,Kapha
13,48,18,Pitta
132,80,99,Vata
30,114,102,Pitta
139,89,21,Vata
25,134,59,Pitta
112,134,71,Pitta
18,93,20,Pitta
33,113,17,Pitta
82,80,107,Kapha
43,1,115,Kapha
80,85,56,Pitta-Vata
55,1,59,Kapha
17,84,130,Kapha
63,29,138,Kapha
32,32,75,Kapha
27,132,94,Pitta
142,51,33,Vata
108,88,54,Vata
99,34,37,Vata
140,3,12,Vata
147,109,82,Vata
149,135,50,Vata
114,110,62,Vata-Pitta
78,23,124,Kapha
136,13,96,Vata
113,140,134,Pitta
39,63,99,Kapha
56,19,111,Kapha
89,113,113,Pitta-Kapha
109,96,110,Kapha-Vata
38,17,3,Vata
114,119,56,Pitta-Vata
88,132,53,Pitta
145,10,74,Vata
146,147,80,Pitta-Vata
89,123,98,Pitta
100,137,39,Pitta
105,95,123,Kapha
32,42,40,Pitta-Kapha
104,69,139,Kapha
143,141,69,Vata-Pitta
150,69,139,Vata
117,66,8,Vata
109,112,104,Pitta-Vata
27,148,104,Pitta
58,63,118,Kapha
27,124,52,Pitta
56,79,33,Pitta
70,121,2,Pitta
31,8,49,Kapha
147,150,116,Pitta-Vata
113,100,78,Vata
15,10,94,Kapha
61,122,87,Pitta
126,41,149,Kapha
130,144,110,Pitta
38,56,148,Kapha
108,66,52,Vata
51,114,109,Pitta-Kapha
4,79,20,Pitta
106,116,0,Pitta
78,8,26,Vata
61,120,52,Pitta
33,9,95,Kapha
107,4,57,Vata
27,35,107,Kapha
76,64,130,Kapha
25,128,18,Pitta
136,40,61,Vata
96,17,106,Kapha
6,45,91,Kapha
77,134,20,Pitta
57,134,144,Kapha
51,36,3,Vata
66,84,51,Pitta
45,72,125,Kapha
73,90,21,Pitta
40,124,57,Pitta
106,138,69,Pitta
40,69,79,Kapha
133,71,138,Kapha-Vata
74,116,16,Pitta
76,112,96,Pitta
13,115,111,Pitta-Kapha
127,119,134,Kapha
48,39,57,Kapha
95,40,113,Kapha
29,15,138,Kapha
145,123,139,Vata
103,41,94,Vata
85,120,22,Pitta
98,119,98,Pitta
18,24,9,Pitta
127,37,41,Vata
69,26,103,Kapha
139,107,22,Vata
144,149,119,Pitta-Vata
126,93,141,Kapha
71,74,31,Pitta-Vata
137,147,110,Pitta
94,82,75,Vata
71,4,71,Vata-Kapha
40,122,12,Pitta
28,143,50,Pitta
147,16,71,Vata
124,13,113,Vata
41,15,101,Kapha
142,104,67,Vata
0,18,33,Kapha
6,137,68,Pitta
107,65,47,Vata
125,133,79,Pitta
49,4,46,Vata-Kapha
44,103,52,Pitta
143,137,68,Vata
126,86,139,Kapha
74,148,126,Pitta
71,116,25,Pitta
95,106,2,Pitta
93,14,83,Vata
102,102,40,Vata-Pitta
116,79,53,Vata
111,28,18,Vata
85,22,11,Vata
93,145,95,Pitta
127,79,88,Vata
44,87,103,Kapha
55,13,28,Vata
43,7,132,Kapha
0,55,86,Kapha
67,11,48,Vata
51,15,149,Kapha
12,128,33,Pitta
39,18,106,Kapha
137,25,126,Vata
66,76,53,Pitta
81,22,40,Vata
134,65,25,Vata
65,62,128,Kapha
68,22,50,Vata
114,3,57,Vata
11,114,77,Pitta
31,84,139,Kapha
121,19,114,Vata
71,88,61,Pitta
49,49,113,Kapha
58,128,90,Pitta
66,0,97,Kapha
51,35,14,Vata
122,103,50,Vata
65,88,17,Pitta
115,28,0,Vata
111,6,140,Kapha
63,34,106,Kapha
8,38,147,Kapha
63,144,134,Pitta
31,38,19,Pitta
75,63,100,Kapha
100,97,94,Vata-Pitta
80,76,110,Kapha
102,76,83,Vata
64,53,98,Kapha
10,79,31,Pitta
49,99,94,Pitta-Kapha
25,42,52,Kapha
55,7,110,Kapha
44,80,4,Pitta
126,113,114,Vata
62,7,43,Vata
1,102,59,Pitta
113,43,48,Vata
121,98,31,Vata
21,131,116,Pitta
84,48,35,Vata
62,5,150,Kapha
54,61,79,Kapha
25,25,49,Kapha
96,93,12,Vata-Pitta
98,132,89,Pitta
122,17,74,Vata
71,67,69,Vata-Kapha
118,36,30,Vata
5,79,65,Pitta
12,3,89,Kapha
50,90,68,Pitta
97,110,15,Pitta
92,44,83,Vata
64,79,40,Pitta
56,76,90,Kapha
12,85,48,Pitta
84,38,109,Kapha
91,28,87,Vata-Kapha
101,129,79,Pitta
90,144,65,Pitta
67,55,144,Kapha
60,0,86,Kapha
89,95,70,Pitta
95,26,118,Kapha
125,113,42,Vata
6,134,88,Pitta
61,90,120,Kapha
51,79,104,Kapha
103,145,130,Pitta
136,10,144,Kapha
149,128,114,Vata
62,116,123,Kapha
64,124,123,Pitta-Kapha
21,145,131,Pitta
127,62,75,Vata
124,87,69,Vata
63,143,143,Pitta-Kapha
83,37,89,Kapha
105,30,67,Vata
109,129,44,Pitta
98,91,85,Vata
44,112,123,Kapha
113,94,147,Kapha
21,97,107,Kapha
116,48,56,Vata
62,41,85,Kapha
69,120,9,Pitta
23,147,64,Pitta
26,12,96,Kapha
104,91,110,Kapha
126,52,34,Vata
16,56,72,Kapha
41,98,68,Pitta
115,96,4,Vata
48,63,4,Pitta
94,88,19,Vata
149,87,28,Vata
29,130,117,Pitta
27,15,73,Kapha
90,60,88,Vata-Kapha
2,128,106,Pitta
81,88,115,Kapha
89,67,73,Vata
124,44,70,Vata
122,67,78,Vata
117,133,24,Pitta
35,19,105,Kapha
138,74,85,Vata
81,112,96,Pitta
100,4,72,Vata
128,73,36,Vata
1,117,73,Pitta
3,100,119,Kapha
7,28,3,Pitta
107,11,8,Vata
90,82,93,Kapha-Vata
127,18,11,Vata
12,62,128,Kapha
85,123,118,Pitta-Kapha
114,20,113,Vata-Kapha
101,72,5,Vata
37,17,124,Kapha
138,121,122,Vata
69,103,70,Pitta
83,119,59,Pitta
106,2,31,Vata
26,19,1,Vata
70,22,92,Kapha
105,141,22,Pitta
95,55,149,Kapha
142,143,18,Pitta-Vata
115,80,32,Vata
66,42,136,Kapha
128,105,83,Vata
83,112,64,Pitta
11,108,116,Kapha
42,30,143,Kapha
123,32,121,Vata-Kapha
111,107,86,Vata-Pitta
12,73,87,Kapha
19,71,30,Pitta
12,33,115,Kapha
149,56,48,Vata
7,82,4,Pitta
82,104,1,Pitta
91,91,69,Vata-Pitta
46,124,58,Pitta
28,71,143,Kapha
54,67,96,Kapha
132,127,120,Vata-Pitta
16,14,132,Kapha
127,119,53,Vata
52,125,26,Pitta
4,129,147,Kapha
23,23,139,Kapha
31,126,82,Pitta
7,17,130,Kapha
135,77,0,Vata
144,104,132,Vata
112,27,52,Vata
70,32,112,Kapha
131,131,6,Vata-Pitta
114,99,14,Vata
97,112,103,Pitta
136,27,103,Vata
3,50,144,Kapha
47,3,78,Kapha
84,28,58,Vata
105,119,126,Kapha
68,45,27,Vata
15,32,28,Pitta
2,103,41,Pitta
17,61,119,Kapha
24,10,72,Kapha
3,87,116,Kapha
97,2,140,Kapha
11,41,71,Kapha
69,95,33,Pitta
55,26,147,Kapha
80,111,74,Pitta
95,73,24,Vata
89,132,95,Pitta
8,26,69,Kapha
15,131,4,Pitta
110,93,144,Kapha
39,102,126,Kapha
43,76,1,Pitta
75,33,146,Kapha
114,16,96,Vata
67,143,149,Kapha
79,103,93,Pitta
137,44,128,Vata
18,36,107,Kapha
140,30,55,Vata
116,94,57,Vata
123,88,53,Vata
118,71,119,Kapha-Vata
116,140,19,Pitta
36,149,47,Pitta
9,74,44,Pitta
33,94,36,Pitta
115,78,89,Vata
120,87,136,Kapha
110,88,3,Vata
150,44,69,Vata
55,135,32,Pitta
131,129,66,Vata-Pitta
5,30,119,Kapha
115,8,72,Vata
29,65,50,Pitta
37,65,48,Pitta
57,18,55,Vata-Kapha
60,70,35,Pitta
108,52,92,Vata
126,8,117,Vata
69,46,116,Kapha
78,36,109,Kapha
51,36,115,Kapha
14,41,0,Pitta
93,17,12,Vata
142,106,127,Vata
87,82,108,Kapha
87,137,129,Pitta
4,62,34,Pitta
13,79,109,Kapha
30,116,120,Kapha-Pitta
12,146,75,Pitta
59,29,104,Kapha
109,70,113,Kapha-Vata
123,23,27,Vata
133,109,150,Kapha
68,88,43,Pitta
57,68,22,Pitta
25,72,141,Kapha
4,68,86,Kapha
77,10,91,Kapha
51,34,61,Kapha
52,24,22,Vata
121,73,67,Vata
110,62,63,Vata
2,110,54,Pitta
81,60,43,Vata
13,132,134,Kapha-Pitta
49,74,71,Pitta-Kapha
40,123,148,Kapha
134,127,138,Kapha-Vata
96,67,114,Kapha
14,82,131,Kapha
54,25,109,Kapha
35,22,14,Vata
87,143,24,Pitta
91,76,101,Kapha
73,38,50,Vata
1,0,72,Kapha
139,8,141,Kapha-Vata
61,142,13,Pitta
138,135,126,Vata-Pitta
122,106,130,Kapha
26,22,38,Kapha
0,59,50,Pitta
85,94,23,Pitta
127,28,101,Vata
84,116,37,Pitta
121,40,134,Kapha
24,48,121,Kapha
28,63,126,Kapha
110,83,134,Kapha
88,87,118,Kapha
37,149,104,Pitta
117,127,13,Pitta
62,71,11,Pitta
52,64,131,Kapha
105,114,9,Pitta
67,14,42,Vata
66,19,41,Vata
119,84,62,Vata
91,127,127,Pitta-Kapha
73,74,82,Kapha
9,67,22,Pitta
47,149,115,Pitta
148,58,109,Vata
60,134,22,Pitta
37,70,70,Pitta-Kapha
15,75,12,Pitta
106,3,123,Kapha
76,138,103,Pitta
110,93,146,Kapha
133,127,44,Vata
82,86,76,Pitta-Vata
40,20,27,Vata
118,67,37,Vata
61,40,47,Vata
86,28,146,Kapha
3,54,34,Pitta
104,103,14,Vata-Pitta
130,95,12,Vata
90,66,31,Vata
144,88,5,Vata
90,120,70,Pitta
149,55,61,Vata
17,11,73,Kapha
49,58,5,Pitta
73,149,126,Pitta
117,17,109,Vata
95,19,105,Kapha
70,22,100,Kapha
34,64,29,Pitta
31,119,148,Kapha
35,90,150,Kapha
123,25,65,Vata
104,10,106,Kapha-Vata
34,6,84,Kapha
56,24,119,Kapha
41,91,62,Pitta
17,116,63,Pitta
72,65,14,Vata
147,45,119,Vata
69,30,141,Kapha
42,45,61,Kapha
150,15,5,Vata
91,150,138,Pitta
6,27,116,Kapha
83,60,6,Vata
142,107,114,Vata
121,41,143,Kapha
2,130,125,Pitta-Kapha
146,129,24,Vata
16,57,62,Kapha
93,106,14,Pitta
53,39,35,Vata
131,139,104,Pitta
50,138,60,Pitta
61,52,148,Kapha
51,136,12,Pitta
52,133,33,Pitta
46,18,46,Vata-Kapha
18,128,59,Pitta
105,148,98,Pitta
96,80,37,Vata
112,74,29,Vata
71,137,141,Kapha-Pitta
116,134,66,Pitta
107,11,73,Vata
92,57,10,Vata
133,48,133,Vata-Kapha
27,88,45,Pitta
134,26,116,Vata
100,12,141,Kapha
39,104,139,Kapha
78,140,10,Pitta
33,25,55,Kapha
76,34,13,Vata
19,59,17,Pitta
39,148,114,Pitta
66,146,29,Pitta
56,121,82,Pitta
99,36,99,Vata-Kapha
12,98,48,Pitta
1,87,18,Pitta
24,48,143,Kapha
72,78,107,Kapha
80,54,88,Kapha
14,73,54,Pitta
132,3,38,Vata
149,78,140,Vata
64,86,87,Kapha-Pitta
83,54,108,Kapha
46,63,41,Pitta
128,66,61,Vata
63,57,59,Vata
128,60,119,Vata
89,18,68,Vata
127,63,86,Vata
74,122,99,Pitta
20,1,8,Vata
147,2,54,Vata
8,46,49,Kapha-Pitta
0,13,142,Kapha
100,11,16,Vata
12,111,123,Kapha
133,31,25,Vata
126,18,69,Vata
149,22,45,Vata
6,97,141,Kapha
115,141,74,Pitta
90,80,26,Vata
115,120,90,Pitta-Vata
125,9,92,Vata
129,80,133,Kapha-Vata
9,14,24,Kapha
11,56,84,Kapha
9,87,6,Pitta
133,75,131,Vata-Kapha
23,31,128,Kapha
40,104,122,Kapha
82,18,53,Vata
59,110,36,Pitta
119,148,69,Pitta
30,150,108,Pitta
50,118,79,Pitta
138,114,24,Vata
111,45,99,Vata
45,128,77,Pitta
110,86,107,Vata-Kapha
105,8,105,Vata-Kapha
87,81,125,Kapha
87,123,1,Pitta
99,63,149,Kapha
3,87,74,Pitta
37,31,38,Kapha-Vata
53,73,33,Pitta
59,8,13,Vata
45,113,97,Pitta
146,101,41,Vata
33,135,28,Pitta
141,28,130,Vata
3,86,27,Pitta
60,98,16,Pitta
16,33,92,Kapha
11,88,47,Pitta
87,135,23,Pitta
97,131,26,Pitta
74,108,19,Pitta
45,122,100,Pitta
56,83,142,Kapha
135,138,80,Pitta-Vata
148,78,91,Vata
30,136,9,Pitta
86,85,12,Vata-Pitta
28,48,81,Kapha
109,54,74,Vata
94,102,51,Pitta
94,96,101,Kapha-Pitta
56,60,31,Pitta
37,79,26,Pitta
91,139,111,Pitta
127,89,99,Vata
136,97,37,Vata
46,37,39,Vata
53,37,28,Vata
72,80,65,Pitta
46,78,94,Kapha
66,34,61,Vata-Kapha
10,91,143,Kapha
27,105,88,Pitta
95,143,108,Pitta
80,49,60,Vata
85,133,62,Pitta
27,23,16,Vata
110,31,110,Vata-Kapha
57,1,143,Kapha
116,2,89,Vata
99,126,85,Pitta
138,138,31,Vata-Pitta
61,16,95,Kapha
101,70,89,Vata
97,28,88,Vata
99,116,146,Kapha
20,150,149,Pitta-Kapha
0,56,36,Pitta
25,50,107,Kapha
115,130,69,Pitta
31,102,12,Pitta
29,5,6,Vata
115,25,136,Kapha
99,120,106,Pitta
97,39,70,Vata
60,34,70,Kapha
47,0,27,Vata
50,117,16,Pitta
144,1,41,Vata
71,57,142,Kapha
94,63,121,Kapha
40,111,102,Pitta
76,51,137,Kapha
33,51,17,Pitta
100,71,105,Kapha-Vata
24,144,84,Pitta
118,125,28,Pitta
23,116,105,Pitta
75,19,96,Kapha
14,51,118,Kapha
46,103,93,Pitta
78,96,143,Kapha
64,22,132,Kapha
126,124,77,Vata-Pitta
29,80,93,Kapha
89,121,126,Kapha-Pitta
145,72,136,Vata
6,60,73,Kapha
35,103,125,Kapha
130,145,131,Pitta
112,98,62,Vata
79,133,52,Pitta
113,27,33,Vata
97,38,115,Kapha
45,110,36,Pitta
104,36,68,Vata
107,127,1,Pitta
16,23,66,Kapha
33,149,32,Pitta
67,57,106,Kapha
139,150,35,Pitta
60,65,144,Kapha
33,26,86,Kapha
57,5,41,Vata
69,68,36,Vata-Pitta
29,106,67,Pitta
79,142,135,Pitta
27,28,64,Kapha
7,57,35,Pitta
73,12,7,Vata
84,113,71,Pitta
39,61,20,Pitta
128,42,93,Vata
130,88,139,Kapha
135,66,71,Vata
6,96,0,Pitta
139,148,91,Pitta
110,93,132,Kapha
144,14,88,Vata
114,105,11,Vata
118,146,100,Pitta
107,77,16,Vata
30,57,43,Pitta
44,52,148,Kapha
50,85,87,Kapha-Pitta
43,52,24,Pitta
70,35,109,Kapha
62,92,129,Kapha
145,107,115,Vata
64,138,109,Pitta
125,53,46,Vata
2,56,29,Pitta
112,148,144,Pitta-Kapha
100,126,111,Pitta
61,58,38,Vata
0,27,109,Kapha
150,40,63,Vata
146,48,14,Vata
0,54,83,Kapha
104,54,142,Kapha
7,43,107,Kapha
77,47,44,Vata
17,145,6,Pitta
89,65,114,Kapha
104,7,40,Vata
43,142,15,Pitta
35,38,110,Kapha
93,105,23,Pitta
123,108,22,Vata
117,95,132,Kapha
65,12,88,Kapha
66,98,8,Pitta
6,25,130,Kapha
27,13,8,Vata
48,41,142,Kapha
100,0,134,Kapha
125,108,104,Vata
22,27,106,Kapha
47,93,81,Pitta
27,19,61,Kapha
28,29,6,Pitta-Vata
139,16,113,Vata
68,129,47,Pitta
80,87,89,Kapha-Pitta
44,149,31,Pitta
27,107,66,Pitta
24,131,46,Pitta
89,38,141,Kapha
54,87,38,Pitta
4,127,48,Pitta
130,26,3,Vata
62,21,43,Vata
143,12,137,Vata
96,99,61,Pitta-Vata
121,4,10,Vata
44,51,14,Pitta
100,15,2,Vata
12,20,97,Kapha
117,25,5,Vata
30,97,30,Pitta
42,106,36,Pitta
3,32,60,Kapha
53,100,10,Pitta
52,77,68,Pitta
135,103,135,Vata-Kapha
139,101,98,Vata
148,113,65,Vata
89,115,97,Pitta
34,91,99,Kapha
142,26,10,Vata
136,39,48,Vata
2,125,121,Pitta-Kapha
0,42,34,Pitta
90,120,140,Kapha
108,61,14,Vata
7,92,113,Kapha
77,75,45,Vata-Pitta
21,100,3,Pitta
42,104,42,Pitta
143,64,36,Vata
35,18,131,Kapha
141,51,70,Vata
27,18,49,Kapha
101,69,1,Vata
148,31,84,Vata
10,88,120,Kapha
40,134,68,Pitta
23,68,7,Pitta
41,38,1,Vata-Pitta
103,118,26,Pitta
86,6,107,Kapha
95,80,34,Vata
91,64,93,Kapha-Vata
1,49,81,Kapha
51,67,15,Pitta
33,37,149,Kapha
146,8,80,Vata
126,9,95,Vata
88,130,20,Pitta
1,0,81,Kapha
95,53,105,Kapha
108,64,108,Vata-Kapha
41,2,60,Kapha
122,148,7,Pitta
61,144,138,Pitta
103,32,26,Vata
115,29,105,Vata
84,20,0,Vata
29,117,110,Pitta
84,127,52,Pitta
62,10,1,Vata
20,75,38,Pitta
73,73,19,Vata-Pitta
90,69,25,Vata
36,149,104,Pitta
38,141,52,Pitta
146,54,129,Vata
107,29,29,Vata
56,78,71,Pitta
88,95,67,Pitta
29,6,137,Kapha
124,125,128,Kapha-Pitta
139,148,140,Pitta
129,41,90,Vata
141,114,9,Vata
18,71,51,Pitta
140,111,148,Kapha
135,2,59,Vata
16,110,114,Kapha-Pitta
64,82,135,Kapha
0,83,15,Pitta
56,143,40,Pitta
125,78,67,Vata
113,70,126,Kapha
22,49,113,Kapha
138,99,0,Vata
4,137,103,Pitta
46,18,26,Vata
146,24,38,Vata
47,54,139,Kapha
27,13,62,Kapha
70,29,92,Kapha
117,76,96,Vata
20,40,119,Kapha
145,100,50,Vata
145,72,41,Vata
131,34,75,Vata
88,126,74,Pitta
53,67,108,Kapha
136,43,53,Vata
34,60,107,Kapha
21,72,110,Kapha
55,113,85,Pitta
16,98,84,Pitta
66,142,44,Pitta
101,115,69,Pitta
1,63,12,Pitta
50,18,14,Vata
41,54,128,Kapha
58,113,65,Pitta
42,96,95,Pitta-Kapha
87,51,24,Vata
148,55,97,Vata
20,149,70,Pitta
135,13,24,Vata
104,110,140,Kapha
30,132,38,Pitta
66,17,5,Vata
99,129,52,Pitta
73,3,3,Vata
70,114,19,Pitta
22,26,101,Kapha
109,148,130,Pitta
30,101,124,Kapha
51,131,80,Pitta
34,141,138,Pitta-Kapha
35,49,57,Kapha
72,131,37,Pitta
42,149,51,Pitta
52,73,3,Pitta
115,92,46,Vata
133,131,36,Vata-Pitta
25,134,94,Pitta
25,12,51,Kapha
144,79,147,Kapha-Vata
87,142,140,Pitta-Kapha
115,34,76,Vata
2,27,128,Kapha
138,38,73,Vata
12,90,23,Pitta
4,16,46,Kapha
9,29,117,Kapha
7,36,26,Pitta
86,14,96,Kapha
25,81,94,Kapha
100,119,127,Kapha
69,80,25,Pitta
114,109,54,Vata-Pitta
49,38,23,Vata
64,85,81,Pitta-Kapha
4,42,134,Kapha
116,142,71,Pitta
11,36,110,Kapha
144,31,43,Vata
30,100,130,Kapha
36,49,107,Kapha
29,98,120,Kapha
36,1,68,Kapha
18,138,66,Pitta
50,54,46,Pitta
92,115,119,Kapha-Pitta
98,150,19,Pitta
46,52,132,Kapha
63,78,84,Kapha
34,131,19,Pitta
88,10,133,Kapha
57,92,9,Pitta
54,110,105,Pitta-Kapha
85,90,104,Kapha
62,8,43,Vata
104,131,103,Pitta
93,122,7,Pitta
36,143,71,Pitta
37,138,71,Pitta
12,68,117,Kapha
13,38,27,Pitta
10,117,41,Pitta
37,121,34,Pitta
56,67,138,Kapha
140,90,5,Vata
70,21,126,Kapha
108,22,117,Kapha
9,62,1,Pitta
21,133,119,Pitta
48,25,7,Vata
150,46,141,Vata
47,95,23,Pitta
98,111,78,Pitta
65,12,32,Vata
98,45,67,Vata
123,0,67,Vata
59,56,101,Kapha
46,17,133,Kapha
124,1,149,Kapha
60,112,56,Pitta
83,58,74,Vata
108,32,118,Kapha
146,58,134,Vata
93,4,131,Kapha
97,113,72,Pitta
145,124,83,Vata
5,53,41,Pitta
17,89,79,Pitta
41,108,75,Pitta
52,146,50,Pitta
60,126,24,Pitta
8,78,113,Kapha
76,138,71,Pitta
5,19,12,Pitta
75,109,56,Pitta
64,44,3,Vata
99,4,79,Vata
61,109,87,Pitta
47,74,79,Kapha-Pitta
6,102,123,Kapha
119,136,119,Pitta
66,85,43,Pitta
77,116,97,Pitta
81,140,51,Pitta
14,79,87,Kapha
19,97,38,Pitta
145,84,46,Vata
9,25,47,Kapha
36,43,142,Kapha
42,123,48,Pitta
97,150,63,Pitta
8,95,116,Kapha
118,25,25,Vata
15,68,47,Pitta
117,102,121,Kapha-Vata
101,110,70,Pitta
44,27,7,Vata
100,73,109,Kapha
84,105,67,Pitta
74,9,147,Kapha
49,13,93,Kapha
70,150,53,Pitta
54,112,5,Pitta
137,126,102,Vata
72,75,16,Pitta-Vata
86,26,64,Vata
58,10,76,Kapha
129,44,82,Vata
91,71,63,Vata
126,132,12,Pitta
77,4,114,Kapha
101,76,127,Kapha
45,132,99,Pitta
119,100,60,Vata
107,111,30,Pitta-Vata
66,60,59,Vata
44,29,52,Kapha
37,72,18,Pitta
122,101,42,Vata
1,66,137,Kapha
89,97,41,Pitta
64,136,98,Pitta
38,23,143,Kapha
72,72,138,Kapha
149,50,108,Vata
96,12,8,Vata
7,96,62,Pitta
103,84,138,Kapha
61,134,147,Kapha
80,14,20,Vata
104,18,98,Vata
71,132,115,Pitta
150,51,37,Vata
114,41,15,Vata
73,79,95,Kapha
65,76,8,Pitta
98,94,135,Kapha
145,135,56,Vata
12,49,97,Kapha
52,8,98,Kapha
23,99,3,Pitta
124,101,26,Vata
7,96,29,Pitta
59,145,29,Pitta
57,113,18,Pitta
93,29,77,Vata
94,108,141,Kapha
137,45,140,Kapha-Vata
112,81,111,Vata-Kapha
0,21,124,Kapha
51,44,135,Kapha
57,92,60,Pitta
98,63,134,Kapha
9,94,76,Pitta
55,58,27,Pitta-Vata
100,42,89,Vata
105,77,55,Vata
18,34,89,Kapha
88,0,71,Vata
25,149,109,Pitta
122,89,135,Kapha
40,36,65,Kapha
64,54,91,Kapha
7,118,134,Kapha
77,118,81,Pitta
149,127,107,Vata
141,119,50,Vata
16,148,105,Pitta
34,31,33,Vata-Kapha
62,30,122,Kapha
22,20,75,Kapha
82,23,107,Kapha
90,21,26,Vata
12,147,79,Pitta
137,23,23,Vata
57,58,66,Kapha
30,23,61,Kapha
77,24,54,Vata
76,25,21,Vata
70,20,51,Vata
12,87,28,Pitta
21,97,68,Pitta
66,79,84,Kapha-Pitta
87,34,69,Vata
5,38,148,Kapha
11,32,0,Pitta
97,112,1,Pitta
34,37,85,Kapha
117,106,43,Vata
109,78,71,Vata
97,45,20,Vata
78,76,130,Kapha
76,33,23,Vata
7,80,33,Pitta
74,141,93,Pitta
130,112,55,Vata
118,144,81,Pitta
7,39,43,Kapha
27,90,66,Pitta
93,53,34,Vata
138,71,117,Vata
80,3,101,Kapha
133,125,62,Vata
96,24,20,Vata
123,127,41,Pitta-Vata
122,62,111,Vata
41,37,12,Vata
68,69,120,Kapha
34,146,139,Pitta
113,63,45,Vata
98,92,120,Kapha
103,42,30,Vata
118,110,127,Kapha
41,126,82,Pitta
117,4,27,Vata
74,122,62,Pitta
78,52,68,Vata
150,93,38,Vata
60,98,122,Kapha
131,144,65,Pitta
87,2,67,Vata
14,135,119,Pitta
113,56,107,Vata
31,29,142,Kapha
106,106,64,Vata-Pitta
52,39,76,Kapha
95,97,42,Pitta-Vata
1,16,110,Kapha
77,58,85,Kapha
3,131,90,Pitta
139,26,125,Vata
59,3,58,Vata-Kapha
29,36,94,Kapha
2,68,82,Kapha
88,87,23,Vata-Pitta
138,109,128,Vata
33,30,81,Kapha
83,2,53,Vata
105,16,73,Vata
25,140,121,Pitta
57,46,52,Vata
89,8,28,Vata
35,71,14,Pitta
101,141,69,Pitta
65,120,81,Pitta
148,147,103,Vata-Pitta
86,64,28,Vata
79,85,59,Pitta
112,88,30,Vata
78,15,86,Kapha
7,46,36,Pitta
148,60,68,Vata
131,109,82,Vata
101,142,6,Pitta
19,99,16,Pitta
134,72,81,Vata
91,140,21,Pitta
11,76,114,Kapha
64,43,104,Kapha
121,16,53,Vata
121,106,142,Kapha
8,87,76,Pitta
100,94,91,Vata
144,48,137,Vata
118,137,135,Pitta-Kapha
125,90,110,Vata
50,111,0,Pitta
91,52,94,Kapha-Vata
36,86,132,Kapha
127,41,31,Vata
16,53,68,Kapha
79,107,104,Pitta-Kapha
56,105,41,Pitta
95,64,147,Kapha
135,72,46,Vata
112,69,94,Vata
62,92,21,Pitta
115,30,87,Vata
40,98,38,Pitta
97,11,137,Kapha
115,27,8,Vata
26,147,95,Pitta
90,135,38,Pitta
112,50,60,Vata
9,10,30,Kapha
1,107,78,Pitta
103,29,120,Kapha
43,146,17,Pitta
99,23,106,Kapha
46,17,117,Kapha
55,69,46,Pitta
27,65,65,Pitta-Kapha
3,51,22,Pitta
66,135,110,Pitta
43,50,140,Kapha
101,101,80,Vata-Pitta
133,105,144,Kapha
123,3,18,Vata
135,82,41,Vata
92,91,57,Vata-Pitta
9,87,148,Kapha
108,41,137,Kapha
109,37,89,Vata
118,1,100,Vata
115,112,39,Vata-Pitta
59,57,116,Kapha
126,36,139,Kapha
95,54,73,Vata
4,80,35,Pitta
132,68,28,Vata
46,129,9,Pitta
11,71,34,Pitta
88,68,107,Kapha
8,83,109,Kapha
136,77,122,Vata
49,15,37,Vata
66,52,33,Vata
149,62,125,Vata
41,66,66,Pitta-Kapha
108,40,100,Vata
69,4,75,Kapha
130,140,85,Pitta
139,42,55,Vata
80,103,131,Kapha
15,79,32,Pitta
148,129,25,Vata
141,80,47,Vata
134,126,38,Vata
125,95,101,Vata
94,134,43,Pitta
148,128,18,Vata
28,41,41,Pitta-Kapha
121,21,43,Vata
9,29,54,Kapha
74,136,137,Kapha-Pitta
88,64,4,Vata
76,99,99,Pitta-Kapha
58,70,116,Kapha
117,33,112,Vata-Kapha
84,51,85,Kapha-Vata
128,106,72,Vata
91,23,92,Kapha-Vata
33,105,65,Pitta
64,135,42,Pitta
21,129,13,Pitta
63,14,0,Vata
1,71,21,Pitta
137,149,59,Pitta
23,112,108,Pitta-Kapha
0,88,62,Pitta
103,4,17,Vata
92,141,62,Pitta
19,109,99,Pitta
74,128,31,Pitta
119,96,48,Vata
13,43,47,Kapha
7,63,125,Kapha
106,38,79,Vata
26,89,18,Pitta
3,118,43,Pitta
115,103,11,Vata
18,137,28,Pitta
25,49,132,Kapha
136,82,58,Vata
122,145,121,Pitta
94,72,71,Vata
60,45,139,Kapha
74,103,7,Pitta
40,88,129,Kapha
71,38,19,Vata
65,94,21,Pitta
105,73,142,Kapha
27,64,110,Kapha
86,81,106,Kapha
67,121,33,Pitta
99,104,76,Pitta-Vata
58,28,100,Kapha
0,71,60,Pitta
67,58,43,Vata
93,146,84,Pitta
136,84,134,Vata-Kapha
60,19,133,Kapha
93,5,89,Vata-Kapha
149,33,128,Vata
140,119,127,Vata
128,107,119,Vata
136,123,67,Vata
90,62,131,Kapha
92,84,29,Vata
60,25,33,Vata
43,73,114,Kapha
31,4,10,Vata
8,54,74,Kapha
72,55,47,Vata
74,107,126,Kapha
148,98,113,Vata
81,62,148,Kapha
36,33,96,Kapha
54,30,25,Vata
60,85,32,Pitta
136,18,28,Vata
42,90,110,Kapha
54,52,72,Kapha
98,82,130,Kapha
150,96,47,Vata
103,73,100,Vata-Kapha
126,34,25,Vata
123,65,72,Vata
89,99,16,Pitta
140,113,13,Vata
105,16,109,Kapha-Vata
75,147,31,Pitta
23,37,73,Kapha
19,106,125,Kapha
6,6,141,Kapha
131,63,3,Vata
150,128,64,Vata
140,19,45,Vata
104,147,22,Pitta
66,40,7,Vata
71,139,104,Pitta
14,131,98,Pitta
6,139,91,Pitta
31,121,55,Pitta
134,114,26,Vata
68,6,94,Kapha
21,28,30,Kapha-Pitta
94,129,150,Kapha
132,40,25,Vata
109,51,60,Vata
75,42,123,Kapha
24,130,26,Pitta
38,36,146,Kapha
114,146,99,Pitta
120,143,0,Pitta
130,109,96,Vata
38,113,122,Kapha
97,6,75,Vata
36,130,128,Pitta-Kapha
19,32,107,Kapha
133,57,37,Vata
135,101,14,Vata
131,98,19,Vata
147,46,88,Vata
86,1,32,Vata
17,53,126,Kapha
91,136,35,Pitta
141,112,99,Vata
93,85,7,Vata
123,140,46,Pitta
30,149,66,Pitta
115,123,83,Pitta
54,51,100,Kapha
5,105,65,Pitta
114,99,96,Vata
43,133,3,Pitta
39,148,55,Pitta
56,51,137,Kapha
144,2,70,Vata
8,131,127,Pitta-Kapha
81,71,138,Kapha
34,104,119,Kapha
35,107,103,Pitta-Kapha
59,110,39,Pitta
94,96,111,Kapha
36,32,82,Kapha
78,91,145,Kapha
58,55,27,Vata-Pitta
76,84,117,Kapha
47,130,69,Pitta
122,104,17,Vata
115,102,71,Vata
25,50,109,Kapha
14,58,27,Pitta
112,0,17,Vata
27,78,36,Pitta
57,127,114,Pitta
127,98,120,Vata
137,134,141,Kapha-Vata
93,96,93,Pitta-Vata
2,67,8,Pitta
34,28,63,Kapha
124,115,91,Vata
41,56,19,Pitta
92,139,21,Pitta
130,92,33,Vata
133,30,73,Vata
80,68,11,Vata
126,68,53,Vata
41,137,39,Pitta
87,15,12,Vata
131,70,35,Vata
15,35,100,Kapha
148,121,55,Vata
111,117,95,Pitta
79,24,144,Kapha
69,50,143,Kapha
124,106,86,Vata
83,73,45,Vata
100,89,142,Kapha
147,103,37,Vata
59,58,132,Kapha
12,39,144,Kapha
101,114,67,Pitta
103,98,89,Vata-Pitta
98,122,85,Pitta
4,83,80,Pitta-Kapha
25,125,134,Kapha
3,42,83,Kapha
113,51,145,Kapha
70,149,48,Pitta
45,118,80,Pitta
89,148,118,Pitta
119,111,4,Vata
69,41,10,Vata
111,100,81,Vata
116,19,40,Vata
69,21,45,Vata
107,52,61,Vata
59,142,107,Pitta
104,110,68,Pitta
53,106,24,Pitta
47,64,86,Kapha
7,92,13,Pitta
136,116,105,Vata
126,87,6,Vata
86,98,11,Pitta
24,63,139,Kapha
101,87,81,Vata
137,100,135,Vata-Kapha
92,76,80,Vata
59,148,114,Pitta
140,133,95,Vata
78,22,125,Kapha
52,20,71,Kapha
139,65,52,Vata
53,114,131,Kapha
41,148,117,Pitta
23,60,40,Pitta
80,40,150,Kapha
68,101,140,Kapha
100,21,16,Vata
58,35,38,Vata
32,38,54,Kapha
8,144,7,Pitta
5,92,98,Kapha
58,62,96,Kapha
91,45,9,Vata
43,52,20,Pitta
147,118,134,Vata
78,103,87,Pitta
57,69,123,Kapha
24,128,81,Pitta
108,63,85,Vata
120,117,40,Vata-Pitta
84,32,84,Vata-Kapha
40,64,44,Pitta
73,77,102,Kapha
8,66,115,Kapha
66,22,45,Vata
27,53,16,Pitta
2,63,32,Pitta
131,29,36,Vata
144,35,4,Vata
15,58,28,Pitta
119,129,0,Pitta
116,66,145,Kapha
22,9,97,Kapha
53,133,138,Kapha-Pitta
7,48,37,Pitta
91,75,21,Vata
44,86,146,Kapha
44,79,94,Kapha
86,48,88,Kapha-Vata
24,23,132,Kapha
136,104,16,Vata
23,5,129,Kapha
70,36,61,Vata
136,57,19,Vata
20,92,22,Pitta
38,122,59,Pitta
38,43,39,Pitta
52,23,104,Kapha
134,129,95,Vata-Pitta
48,5,53,Kapha
142,113,142,Vata-Kapha
116,7,49,Vata
4,129,72,Pitta
60,105,22,Pitta
128,93,29,Vata
22,150,80,Pitta
76,74,136,Kapha
120,54,19,Vata
111,59,123,Kapha
90,144,149,Kapha-Pitta
143,41,2,Vata
43,93,135,Kapha
73,137,64,Pitta
76,101,22,Pitta
27,13,60,Kapha
92,41,142,Kapha
28,90,54,Pitta
93,134,34,Pitta
95,54,105,Kapha
63,28,51,Vata
69,104,150,Kapha
47,78,139,Kapha
23,53,91,Kapha
131,123,147,Kapha
112,43,73,Vata
42,2,33,Vata
20,80,50,Pitta
51,116,75,Pitta
26,62,50,Pitta
1,128,69,Pitta
86,69,147,Kapha
115,3,29,Vata
114,49,16,Vata
30,127,101,Pitta
34,146,147,Kapha-Pitta
83,103,58,Pitta
56,4,21,Vata
17,115,108,Pitta
13,79,49,Pitta
37,69,82,Kapha
99,45,20,Vata
99,100,147,Kapha
18,131,150,Kapha
89,44,62,Vata
43,79,19,Pitta
39,33,27,Vata
0,96,17,Pitta
73,82,11,Pitta
42,135,94,Pitta
30,96,4,Pitta
97,102,108,Kapha
96,81,123,Kapha
44,70,17,Pitta
85,12,103,Kapha
84,21,15,Vata
13,99,63,Pitta
88,21,7,Vata
77,102,48,Pitta
35,59,84,Kapha
45,106,16,Pitta
111,130,64,Pitta
51,56,36,Pitta
145,120,143,Vata-Kapha
88,116,7,Pitta
12,82,77,Pitta-Kapha
63,61,119,Kapha
24,5,51,Kapha
92,22,93,Kapha-Vata
71,6,128,Kapha
44,116,68,Pitta
62,27,23,Vata
96,21,95,Vata-Kapha
37,148,36,Pitta
10,147,13,Pitta
134,91,60,Vata
64,40,126,Kapha
106,97,9,Vata
93,142,117,Pitta
3,25,145,Kapha
28,77,38,Pitta
0,106,58,Pitta
130,5,30,Vata
122,98,59,Vata
50,102,67,Pitta
104,130,97,Pitta
53,27,87,Kapha
109,11,143,Kapha
150,145,137,Vata-Pitta
149,2,39,Vata
138,21,114,Vata
37,24,96,Kapha
124,99,67,Vata
27,56,69,Kapha
135,141,147,Kapha
99,49,63,Vata
83,61,144,Kapha
131,125,83,Vata
144,94,109,Vata
33,121,115,Pitta
63,142,127,Pitta
114,81,69,Vata
30,17,79,Kapha
55,91,99,Kapha
55,73,130,Kapha
39,13,62,Kapha
139,105,113,Vata
20,140,92,Pitta
82,73,53,Vata
24,83,136,Kapha
150,47,4,Vata
47,133,146,Kapha
125,4,144,Kapha
150,34,112,Vata
134,86,45,Vata
50,13,64,Kapha
38,68,58,Pitta
65,108,43,Pitta
65,96,13,Pitta
133,79,46,Vata
145,66,83,Vata
11,131,55,Pitta
42,38,71,Kapha
34,8,132,Kapha
23,115,88,Pitta
73,16,68,Vata-Kapha
93,106,77,Pitta
22,15,62,Kapha
142,39,87,Vata
21,83,108,Kapha
102,77,106,Kapha-Vata
32,49,21,Pitta
28,77,97,Kapha
56,130,34,Pitta
71,124,13,Pitta
10,96,85,Pitta
35,112,50,Pitta
106,70,35,Vata
127,14,132,Kapha-Vata
68,148,107,Pitta
64,11,33,Vata
51,61,117,Kapha
62,102,84,Pitta
107,54,48,Vata
82,128,115,Pitta
62,92,96,Kapha-Pitta
103,112,29,Pitta
117,32,74,Vata
44,48,112,Kapha
96,3,35,Vata
144,86,46,Vata
57,121,86,Pitta
32,130,19,Pitta
127,64,147,Kapha
129,21,120,Vata
6,109,92,Pitta
39,112,57,Pitta
96,50,80,Vata
55,35,140,Kapha
27,18,16,Vata
126,66,101,Vata
87,87,148,Kapha
73,21,149,Kapha
111,127,91,Pitta
130,93,5,Vata
139,132,98,Vata
23,7,5,Vata
80,123,34,Pitta
30,54,72,Kapha
60,47,73,Kapha
69,102,133,Kapha
38,137,80,Pitta
2,145,79,Pitta
74,56,145,Kapha
96,13,145,Kapha
52,16,77,Kapha
54,119,108,Pitta
63,118,126,Kapha
0,90,65,Pitta
140,109,112,Vata
144,89,103,Vata
47,136,37,Pitta
146,31,43,Vata
10,119,99,Pitta
115,86,46,Vata
97,133,65,Pitta
18,125,42,Pitta
107,148,30,Pitta
111,48,64,Vata
90,44,138,Kapha
110,143,15,Pitta
137,115,16,Vata
120,49,8,Vata
103,26,26,Vata
56,0,21,Vata
4,24,91,Kapha
62,29,14,Vata
118,34,33,Vata
0,51,109,Kapha
113,29,123,Kapha
138,108,113,Vata
57,108,1,Pitta
86,94,148,Kapha
133,56,23,Vata
128,87,5,Vata
120,50,55,Vata
27,85,53,Pitta
54,51,83,Kapha
2,140,53,Pitta
124,42,89,Vata
45,116,59,Pitta
19,102,98,Pitta-Kapha
71,40,145,Kapha
16,110,150,Kapha
70,56,68,Vata-Kapha
11,21,44,Kapha
105,41,44,Vata
2,24,122,Kapha
132,70,7,Vata
77,106,79,Pitta
96,100,110,Kapha
38,24,135,Kapha
147,119,19,Vata
106,60,70,Vata
83,62,104,Kapha
63,12,8,Vata
32,49,13,Pitta
5,135,2,Pitta
58,5,63,Kapha
36,74,20,Pitta
20,52,131,Kapha
58,55,121,Kapha
73,18,1,Vata
95,33,1,Vata
12,86,99,Kapha
37,71,130,Kapha
35,118,96,Pitta
121,43,120,Vata-Kapha
120,117,116,Vata-Pitta
111,143,143,Pitta-Kapha
25,32,142,Kapha
2,36,83,Kapha
2,23,60,Kapha
125,57,26,Vata
51,78,45,Pitta
70,150,62,Pitta
45,146,4,Pitta
63,83,97,Kapha
135,106,135,Vata-Kapha
82,16,119,Kapha
112,98,148,Kapha
57,42,38,Vata
100,121,143,Kapha
52,96,118,Kapha
112,131,42,Pitta
100,62,16,Vata
72,9,57,Vata
124,18,97,Vata
52,25,93,Kapha
24,45,147,Kapha
96,68,66,Vata
106,112,104,Pitta
74,100,103,Kapha-Pitta
36,60,3,Pitta
16,31,132,Kapha
144,55,44,Vata
51,97,21,Pitta
104,22,9,Vata
94,76,13,Vata
13,55,137,Kapha
86,135,62,Pitta
12,71,121,Kapha
96,120,40,Pitta
116,132,35,Pitta
53,126,34,Pitta
54,25,128,Kapha
137,67,59,Vata
97,38,50,Vata
127,104,119,Vata
106,66,16,Vata
109,5,70,Vata
144,114,112,Vata
15,25,104,Kapha
123,36,26,Vata
42,123,8,Pitta
39,149,126,Pitta
61,114,139,Kapha
148,127,131,Vata
0,19,77,Kapha
3,136,6,Pitta
112,25,105,Vata
104,111,55,Pitta
136,145,41,Pitta
122,35,0,Vata
134,116,41,Vata
126,72,77,Vata
102,103,132,Kapha
37,48,30,Pitta
128,107,30,Vata
93,69,16,Vata
24,37,117,Kapha
106,10,94,Vata
109,90,22,Vata
35,27,87,Kapha
2,6,70,Kapha
118,112,71,Vata
45,89,81,Pitta
80,81,16,Pitta-Vata
75,70,109,Kapha
27,111,124,Kapha
11,104,143,Kapha
121,147,8,Pitta
134,136,41,Pitta-Vata
72,118,58,Pitta
25,128,79,Pitta
27,120,124,Kapha-Pitta
106,35,92,Vata
15,127,2,Pitta
76,62,96,Kapha
70,75,68,Pitta-Vata
83,49,131,Kapha
79,43,82,Kapha-Vata
106,98,88,Vata
88,63,18,Vata
59,84,148,Kapha
9,39,24,Pitta
34,110,90,Pitta
22,120,105,Pitta
113,136,127,Pitta
49,93,141,Kapha
16,71,137,Kapha
108,134,50,Pitta
40,146,78,Pitta
77,99,41,Pitta
130,12,123,Vata
132,145,127,Pitta
110,134,74,Pitta
93,51,1,Vata
19,67,126,Kapha
140,44,125,Vata
101,101,64,Vata-Pitta
146,77,96,Vata
31,96,85,Pitta
36,5,53,Kapha
103,66,132,Kapha
84,43,73,Vata
148,51,76,Vata
55,19,99,Kapha
74,25,126,Kapha
24,44,21,Pitta
87,92,133,Kapha
147,101,144,Vata-Kapha
72,42,133,Kapha
132,113,133,Kapha-Vata
91,136,9,Pitta
87,4,54,Vata
134,22,88,Vata
132,2,147,Kapha
107,74,119,Kapha
114,99,12,Vata
109,87,34,Vata
82,37,106,Kapha
149,116,135,Vata
81,68,16,Vata
110,112,61,Pitta-Vata
100,98,51,Vata-Pitta
4,100,97,Pitta-Kapha
30,75,140,Kapha
147,118,79,Vata
112,138,142,Kapha-Pitta
81,116,27,Pitta
117,62,89,Vata
3,2,106,Kapha
90,121,51,Pitta
70,95,143,Kapha
109,56,139,Kapha
13,122,45,Pitta
141,38,15,Vata
109,6,140,Kapha
43,143,8,Pitta
131,14,26,Vata
6,61,124,Kapha
88,83,109,Kapha
104,13,79,Vata
146,147,50,Pitta-Vata
125,101,141,Kapha
106,64,84,Vata
21,81,113,Kapha
132,42,82,Vata
133,36,131,Vata-Kapha
74,142,31,Pitta
61,121,17,Pitta
59,83,95,Kapha
135,68,70,Vata
8,66,58,Pitta
74,144,118,Pitta
74,9,85,Kapha
100,24,144,Kapha
122,67,62,Vata
29,35,142,Kapha
143,17,101,Vata
22,81,71,Pitta
102,134,111,Pitta
150,1,75,Vata
1,52,130,Kapha
73,20,22,Vata
127,22,139,Kapha
150,10,143,Vata
80,123,13,Pitta
100,69,0,Vata
3,56,58,Kapha-Pitta
129,51,129,Vata-Kapha
127,20,48,Vata
83,67,13,Vata
63,112,9,Pitta
138,135,106,Vata-Pitta
25,19,147,Kapha
41,29,1,Vata
138,118,111,Vata
4,64,87,Kapha
103,43,40,Vata
114,24,125,Kapha
1,89,144,Kapha
116,73,86,Vata
31,105,15,Pitta
48,17,34,Vata
61,96,22,Pitta
105,113,107,Pitta
124,117,88,Vata
71,123,41,Pitta
18,59,133,Kapha
112,149,147,Pitta-Kapha
70,111,70,Pitta
132,28,145,Kapha
118,122,108,Pitta-Vata
13,53,150,Kapha
1,94,101,Kapha
62,101,68,Pitta
63,117,16,Pitta
35,62,105,Kapha
24,10,85,Kapha
18,10,49,Kapha
116,129,0,Pitta
114,54,89,Vata
22,73,112,Kapha
32,45,117,Kapha
74,105,124,Kapha
91,117,74,Pitta
57,96,8,Pitta
20,73,140,Kapha
93,28,131,Kapha
114,103,40,Vata
104,26,8,Vata
138,21,18,Vata
49,64,127,Kapha
24,64,111,Kapha
24,116,84,Pitta
36,137,86,Pitta
13,131,15,Pitta
20,16,91,Kapha
110,1,109,Vata-Kapha
37,92,28,Pitta
49,72,121,Kapha
58,17,147,Kapha
89,80,115,Kapha
142,140,67,Vata-Pitta
146,84,73,Vata
116,28,127,Kapha
109,1,13,Vata
61,44,142,Kapha
70,54,20,Vata
18,36,137,Kapha
34,34,16,Vata-Pitta
8,0,110,Kapha
138,25,1,Vata
15,132,61,Pitta
47,64,91,Kapha
85,59,140,Kapha
119,48,76,Vata
123,111,122,Vata-Kapha
28,119,69,Pitta
58,36,82,Kapha
59,14,91,Kapha
148,6,55,Vata
133,95,74,Vata
136,84,126,Vata
100,138,131,Pitta
123,84,131,Kapha
77,4,91,Kapha
94,12,27,Vata
83,59,104,Kapha
76,126,146,Kapha
3,113,5,Pitta
109,123,47,Pitta
94,25,94,Vata-Kapha
82,3,28,Vata
83,44,120,Kapha
145,31,40,Vata
37,13,113,Kapha
143,92,110,Vata
72,124,1,Pitta
94,27,82,Vata
125,119,142,Kapha
93,72,99,Kapha
28,143,98,Pitta
123,139,80,Pitta
26,0,62,Kapha
149,31,43,Vata
108,104,122,Kapha
107,72,42,Vata
31,108,135,Kapha
144,12,46,Vata
122,105,71,Vata
108,22,79,Vata
126,87,38,Vata
11,78,118,Kapha
122,112,51,Vata
23,37,68,Kapha
109,132,87,Pitta
34,56,146,Kapha
13,22,38,Kapha
89,58,31,Vata
36,137,2,Pitta
27,137,113,Pitta
54,36,3,Vata
51,130,145,Kapha
93,4,67,Vata
36,121,87,Pitta
131,83,1,Vata
85,62,6,Vata
18,77,84,Kapha
110,41,127,Kapha
82,43,121,Kapha
8,109,10,Pitta
96,114,24,Pitta
4,146,71,Pitta
131,108,118,Vata
141,116,139,Vata-Kapha
60,32,24,Vata
39,6,127,Kapha
1,3,115,Kapha
132,106,141,Kapha
33,132,15,Pitta
28,83,78,Pitta-Kapha
122,61,42,Vata
126,81,102,Vata
111,77,92,Vata
70,100,79,Pitta
22,9,139,Kapha
119,111,108,Vata
132,99,15,Vata
131,60,116,Vata
44,20,137,Kapha
91,11,47,Vata
9,42,93,Kapha
145,148,53,Pitta-Vata
107,135,116,Pitta
143,119,33,Vata
124,68,13,Vata
55,40,48,Vata
145,131,29,Vata
102,61,25,Vata
124,85,88,Vata
120,127,124,Pitta-Kapha
17,111,3,Pitta
47,18,28,Vata
7,79,112,Kapha
0,42,51,Kapha
31,114,15,Pitta
124,85,129,Kapha-Vata
12,123,117,Pitta
74,45,10,Vata
139,44,105,Vata
140,150,61,Pitta
44,66,31,Pitta
37,85,21,Pitta
19,142,56,Pitta
99,85,16,Vata
140,136,130,Vata-Pitta
42,134,148,Kapha
111,79,16,Vata
29,69,124,Kapha
98,30,69,Vata
125,12,12,Vata
60,112,81,Pitta
122,56,61,Vata
49,142,116,Pitta
116,109,30,Vata
133,119,108,Vata
78,25,84,Kapha
44,70,44,Pitta
96,110,136,Kapha
90,115,76,Pitta
49,139,10,Pitta
94,87,44,Vata
90,88,91,Kapha-Vata
19,7,51,Kapha
13,130,50,Pitta
10,144,88,Pitta
134,68,136,Kapha-Vata
102,69,43,Vata
104,6,31,Vata
10,40,20,Pitta
49,65,9,Pitta
29,32,86,Kapha
53,19,38,Vata
66,53,144,Kapha
63,117,108,Pitta
72,58,11,Vata
18,80,128,Kapha
107,39,63,Vata
19,11,109,Kapha
90,112,6,Pitta
98,77,62,Vata
75,89,29,Pitta
94,140,2,Pitta
35,123,121,Pitta-Kapha
116,52,119,Kapha-Vata
64,73,25,Pitta
18,48,122,Kapha
54,114,76,Pitta
62,95,110,Kapha
128,120,22,Vata
74,11,53,Vata
25,121,81,Pitta
114,101,66,Vata
133,140,32,Pitta
28,146,134,Pitta
134,48,50,Vata
117,134,115,Pitta
86,106,140,Kapha
70,39,118,Kapha
42,146,55,Pitta
96,42,52,Vata
107,139,42,Pitta
98,73,26,Vata
42,107,26,Pitta
135,110,6,Vata
81,53,64,Vata
11,95,23,Pitta
126,49,135,Kapha
119,14,32,Vata
3,112,130,Kapha
130,93,20,Vata
111,48,77,Vata
69,77,116,Kapha
56,35,135,Kapha
80,49,56,Vata
2,102,139,Kapha
121,63,26,Vata
74,112,23,Pitta
101,148,64,Pitta
40,7,26,Vata
10,142,93,Pitta
98,141,26,Pitta
76,128,29,Pitta
28,77,38,Pitta
1,135,149,Kapha
136,77,72,Vata
132,52,18,Vata
28,33,95,Kapha
34,107,54,Pitta
119,105,80,Vata
72,146,9,Pitta
110,136,23,Pitta
103,12,111,Kapha
100,94,112,Kapha
73,107,76,Pitta
141,147,37,Pitta
111,67,112,Kapha-Vata
118,53,68,Vata
15,148,22,Pitta
42,79,40,Pitta
26,3,142,Kapha
134,73,35,Vata
86,113,107,Pitta
145,55,103,Vata
103,138,132,Pitta
48,35,77,Kapha
103,110,90,Pitta
78,1,113,Kapha
36,3,65,Kapha
124,92,19,Vata
99,69,19,Vata
22,142,21,Pitta
2,20,21,Kapha-Pitta
30,106,104,Pitta-Kapha
2,36,2,Pitta
107,70,130,Kapha
10,13,31,Kapha
18,116,121,Kapha-Pitta
149,0,2,Vata
51,33,16,Vata
70,127,69,Pitta
133,88,133,Vata-Kapha
20,135,24,Pitta
97,120,147,Kapha
105,88,108,Kapha-Vata
125,22,129,Kapha-Vata
113,126,135,Kapha
63,144,125,Pitta
31,8,39,Kapha
124,117,137,Kapha
117,97,92,Vata
139,7,117,Vata
45,117,8,Pitta
52,77,131,Kapha
143,2,59,Vata
36,136,83,Pitta
100,5,124,Kapha
22,55,18,Pitta
20,2,100,Kapha
71,27,93,Kapha
121,117,37,Vata-Pitta
122,97,29,Vata
20,6,21,Kapha-Vata
39,54,149,Kapha
2,4,101,Kapha
137,64,103,Vata
89,63,97,Kapha
5,52,94,Kapha
40,23,121,Kapha
49,9,72,Kapha
139,138,99,Vata-Pitta
21,93,70,Pitta
63,103,68,Pitta
126,88,119,Vata
86,36,5,Vata
3,73,42,Pitta
52,66,62,Pitta-Kapha
73,60,99,Kapha
11,38,137,Kapha
68,8,33,Vata
141,146,136,Pitta-Vata
150,133,135,Vata
93,41,94,Kapha-Vata
94,99,61,Pitta-Vata
41,7,137,Kapha
76,149,28,Pitta
117,107,1,Vata
146,124,74,Vata
102,80,112,Kapha
72,69,26,Vata-Pitta
137,71,8,Vata
39,42,111,Kapha
0,117,115,Pitta-Kapha
103,78,53,Vata
129,76,127,Vata-Kapha
34,134,130,Pitta-Kapha
25,13,127,Kapha
9,70,141,Kapha
140,52,8,Vata
108,53,67,Vata
22,16,36,Kapha
139,108,26,Vata
25,99,112,Kapha
105,133,71,Pitta
17,24,129,Kapha
73,25,47,Vata
94,91,20,Vata-Pitta
98,90,99,Kapha-Vata
15,35,124,Kapha
89,4,129,Kapha
110,129,30,Pitta
83,32,89,Kapha
21,12,58,Kapha
137,68,124,Vata
96,23,24,Vata
72,149,50,Pitta
59,50,1,Vata
101,8,113,Kapha
37,25,20,Vata
14,94,67,Pitta
110,69,83,Vata
137,139,23,Pitta-Vata
103,55,55,Vata
98,12,91,Vata
102,16,8,Vata
0,117,82,Pitta
135,132,122,Vata-Pitta
22,113,20,Pitta
22,116,99,Pitta
70,109,17,Pitta
125,53,37,Vata
75,138,93,Pitta
139,59,145,Kapha
50,27,71,Kapha
78,128,74,Pitta
95,122,33,Pitta
32,44,6,Pitta
68,35,48,Vata
58,21,67,Kapha
78,14,24,Vata
55,23,126,Kapha
102,71,54,Vata
113,65,55,Vata
89,106,104,Pitta-Kapha
11,81,5,Pitta
91,77,131,Kapha
74,66,14,Vata
68,137,101,Pitta
60,131,87,Pitta
149,117,59,Vata
11,3,20,Kapha
32,40,127,Kapha
44,148,130,Pitta
45,105,70,Pitta
49,147,129,Pitta
74,50,38,Vata
144,64,60,Vata
131,71,100,Vata
8,136,143,Kapha
59,111,84,Pitta
34,122,80,Pitta
87,115,43,Pitta
78,40,15,Vata
95,52,16,Vata
33,63,97,Kapha
35,137,31,Pitta
129,34,139,Kapha
26,26,88,Kapha
140,137,58,Vata-Pitta
137,108,68,Vata
38,44,90,Kapha
66,112,25,Pitta
120,128,61,Pitta
57,58,132,Kapha
76,5,128,Kapha
19,22,70,Kapha
29,140,93,Pitta
111,57,129,Kapha
128,147,70,Pitta
56,110,139,Kapha
146,138,34,Vata
46,114,137,Kapha
93,88,47,Vata-Pitta
102,130,140,Kapha
36,119,149,Kapha
119,101,67,Vata
73,99,103,Kapha-Pitta
36,128,141,Kapha
56,0,80,Kapha
109,15,104,Vata-Kapha
41,37,150,Kapha
113,61,90,Vata
76,64,141,Kapha
134,120,0,Vata
136,136,107,Vata-Pitta
64,52,113,Kapha
86,9,7,Vata
132,40,122,Vata
144,150,143,Pitta
131,65,11,Vata
82,79,52,Vata-Pitta
105,6,105,Vata-Kapha
21,128,111,Pitta
2,118,20,Pitta
49,146,106,Pitta
64,0,55,Vata
147,9,8,Vata
83,130,95,Pitta
6,130,108,Pitta
133,88,94,Vata
81,32,61,Vata
107,25,38,Vata
92,94,145,Kapha
51,114,48,Pitta
64,79,125,Kapha
77,22,125,Kapha
51,75,134,Kapha
101,48,122,Kapha
84,104,61,Pitta
114,64,105,Vata
7,45,55,Kapha
120,44,122,Kapha-Vata
70,92,50,Pitta
98,142,149,Kapha
101,99,101,Vata-Kapha
100,135,73,Pitta
31,64,101,Kapha
4,107,46,Pitta
115,50,60,Vata
64,27,55,Vata
133,117,33,Vata
55,89,63,Pitta
48,126,2,Pitta
109,82,29,Vata
37,90,111,Kapha
46,81,0,Pitta
89,41,77,Vata
29,123,96,Pitta
77,138,48,Pitta
110,67,102,Vata
82,106,28,Pitta
84,70,148,Kapha
77,123,35,Pitta
9,131,8,Pitta
105,55,138,Kapha
18,30,54,Kapha
123,131,57,Pitta
91,77,100,Kapha
43,131,75,Pitta
117,40,97,Vata
112,69,12,Vata
102,77,142,Kapha
35,62,5,Pitta
85,57,21,Vata
64,140,45,Pitta
104,17,5,Vata
96,46,147,Kapha
41,57,19,Pitta
96,79,142,Kapha
21,63,114,Kapha
140,93,45,Vata
82,45,83,Kapha-Vata
11,42,33,Pitta
119,115,84,Vata-Pitta
10,59,119,Kapha
29,33,129,Kapha
100,5,18,Vata
92,120,109,Pitta
67,123,16,Pitta
64,135,83,Pitta
80,30,138,Kapha
52,94,81,Pitta
49,18,4,Vata
23,118,72,Pitta
136,123,1,Vata
91,117,57,Pitta
143,44,143,Vata-Kapha
68,71,148,Kapha
124,91,31,Vata
51,136,105,Pitta
116,147,141,Pitta
136,98,72,Vata
110,70,64,Vata
94,5,88,Vata
140,77,96,Vata
103,127,28,Pitta
72,65,25,Vata
42,123,82,Pitta
78,63,51,Vata
41,40,74,Kapha
149,21,19,Vata
72,122,1,Pitta
35,116,110,Pitta
109,66,129,Kapha
56,36,69,Kapha
63,150,87,Pitta
125,107,69,Vata
147,30,59,Vata
69,18,15,Vata
52,116,41,Pitta
142,104,86,Vata
149,26,32,Vata
94,17,79,Vata
49,108,25,Pitta
128,12,64,Vata
100,130,96,Pitta
10,41,121,Kapha
25,124,106,Pitta
6,97,40,Pitta
133,148,89,Pitta
149,129,82,Vata
143,8,81,Vata
124,73,124,Vata-Kapha
59,72,111,Kapha
32,115,75,Pitta
60,17,48,Vata
34,12,66,Kapha
125,41,21,Vata
4,56,29,Pitta
32,14,101,Kapha
91,81,66,Vata
40,62,138,Kapha
21,24,75,Kapha
83,103,19,Pitta
59,68,94,Kapha
139,110,107,Vata
66,123,46,Pitta
130,83,75,Vata
47,149,94,Pitta
44,97,104,Kapha
30,2,134,Kapha
66,147,23,Pitta
56,130,39,Pitta
120,97,76,Vata
38,123,24,Pitta
30,88,13,Pitta
55,144,116,Pitta
83,60,10,Vata
127,77,38,Vata
97,130,37,Pitta
61,36,23,Vata
113,20,105,Vata
121,89,68,Vata
9,21,96,Kapha
75,46,12,Vata
134,55,72,Vata
118,77,16,Vata
129,43,65,Vata
140,134,92,Vata
47,149,134,Pitta
149,130,2,Vata
143,149,44,Pitta
126,45,75,Vata
2,6,136,Kapha
145,68,83,Vata
5,33,94,Kapha
76,135,107,Pitta
48,52,128,Kapha
3,128,87,Pitta
113,93,65,Vata
145,56,68,Vata
113,66,25,Vata
57,139,27,Pitta
5,93,30,Pitta
23,75,51,Pitta
4,6,85,Kapha
16,77,100,Kapha
75,91,55,Pitta
117,67,40,Vata
73,40,75,Kapha-Vata
101,17,141,Kapha
117,72,101,Vata
89,29,33,Vata
117,41,84,Vata
105,142,76,Pitta
93,85,134,Kapha
128,59,12,Vata
61,66,59,Pitta-Vata
150,59,124,Vata
94,116,144,Kapha
16,120,85,Pitta
121,9,12,Vata
102,144,65,Pitta
119,125,72,Pitta
123,42,114,Vata
81,3,47,Vata
70,68,145,Kapha
110,46,108,Vata-Kapha
20,26,16,Pitta
105,41,86,Vata
102,22,118,Kapha
71,54,29,Vata
108,60,113,Kapha-Vata
150,47,31,Vata
84,124,77,Pitta
66,107,63,Pitta
128,25,22,Vata
145,67,94,Vata
4,35,52,Kapha
37,42,39,Pitta-Kapha
59,95,101,Kapha
49,64,128,Kapha
114,91,39,Vata
87,4,131,Kapha
134,112,106,Vata
43,64,77,Kapha
70,14,71,Kapha-Vata
78,94,87,Pitta
23,81,14,Pitta
11,73,18,Pitta
33,25,60,Kapha
83,74,81,Vata-Kapha
110,83,30,Vata
77,103,148,Kapha
36,89,39,Pitta
27,107,90,Pitta
57,74,6,Pitta
45,93,98,Kapha-Pitta
139,12,105,Vata
84,128,97,Pitta
75,72,72,Vata-Pitta
29,109,50,Pitta
119,62,48,Vata
101,131,6,Pitta
148,100,12,Vata
24,54,74,Kapha
20,138,55,Pitta
10,80,10,Pitta
43,131,61,Pitta
47,118,145,Kapha
59,130,121,Pitta
21,34,73,Kapha
97,17,123,Kapha
67,33,41,Vata
90,101,19,Pitta
1,68,119,Kapha
73,35,117,Kapha
11,98,117,Kapha
38,6,95,Kapha
112,107,15,Vata-Pitta
90,46,62,Vata
54,37,147,Kapha
82,143,36,Pitta
31,142,50,Pitta
12,63,37,Pitta
69,57,144,Kapha
40,99,70,Pitta
130,66,89,Vata
49,132,120,Pitta
44,62,139,Kapha
98,124,58,Pitta
31,81,71,Pitta
59,54,126,Kapha
133,79,36,Vata
51,22,26,Vata
41,146,126,Pitta
101,61,21,Vata
14,144,100,Pitta
140,150,123,Pitta
37,97,102,Kapha-Pitta
64,63,46,Vata-Pitta
44,136,11,Pitta
27,90,118,Kapha
130,110,83,Vata
136,103,96,Vata
21,39,63,Kapha
148,17,55,Vata
120,36,149,Kapha
26,8,128,Kapha
120,22,86,Vata
40,13,135,Kapha
52,129,58,Pitta
1,94,32,Pitta
63,0,90,Kapha
55,6,114,Kapha
116,78,80,Vata
109,86,7,Vata
62,136,45,Pitta
137,63,147,Kapha
20,132,57,Pitta
80,7,37,Vata
87,18,25,Vata
16,123,83,Pitta
78,133,20,Pitta
43,100,143,Kapha
43,32,107,Kapha
43,122,100,Pitta
21,21,2,Vata-Pitta
96,131,0,Pitta
75,114,78,Pitta
44,135,77,Pitta
31,31,28,Vata-Pitta
3,144,105,Pitta
61,73,55,Pitta
17,40,2,Pitta
42,58,112,Kapha
133,3,31,Vata
119,91,143,Kapha
59,149,14,Pitta
114,52,6,Vata
72,85,46,Pitta
97,41,108,Kapha
144,20,60,Vata
6,128,63,Pitta
55,137,60,Pitta
24,119,80,Pitta
147,86,2,Vata
16,139,128,Pitta
28,149,90,Pitta
10,100,142,Kapha
136,68,47,Vata
3,54,53,Pitta-Kapha
25,106,24,Pitta
77,110,54,Pitta
40,85,57,Pitta
113,51,62,Vata
105,2,141,Kapha
122,97,27,Vata
118,119,68,Pitta-Vata
94,40,65,Vata
79,18,34,Vata
129,107,69,Vata
92,9,32,Vata
54,96,52,Pitta
70,86,34,Pitta
136,36,127,Vata
17,118,131,Kapha
118,56,115,Vata-Kapha
136,9,47,Vata
48,93,16,Pitta
65,42,67,Kapha-Vata
104,133,150,Kapha
10,28,22,Pitta
16,130,107,Pitta
40,115,103,Pitta
91,34,43,Vata
50,1,140,Kapha
81,137,96,Pitta
124,72,133,Kapha
114,107,29,Vata
5,77,96,Kapha
143,4,14,Vata
135,134,102,Vata-Pitta
15,84,52,Pitta
12,19,28,Kapha
7,126,107,Pitta
20,86,20,Pitta
77,84,29,Pitta
17,13,81,Kapha
107,62,55,Vata
54,41,10,Vata
95,64,27,Vata
76,129,46,Pitta
89,20,54,Vata
137,149,105,Pitta
12,1,18,Kapha
8,113,43,Pitta
63,47,56,Vata
92,13,126,Kapha
113,44,44,Vata
132,40,42,Vata
37,126,127,Kapha-Pitta
94,132,69,Pitta
94,76,3,Vata
128,14,74,Vata
18,7,17,Vata-Kapha
48,122,82,Pitta
121,147,133,Pitta
98,91,27,Vata
52,115,20,Pitta
67,85,10,Pitta
100,150,44,Pitta
6,135,35,Pitta
49,103,58,Pitta
86,82,64,Vata-Pitta
142,20,125,Vata
22,74,139,Kapha
32,129,137,Kapha
46,126,38,Pitta
41,83,36,Pitta
80,15,125,Kapha
130,124,44,Vata
58,63,72,Kapha
124,144,85,Pitta
98,147,95,Pitta
106,72,98,Vata
6,136,72,Pitta
120,95,10,Vata
44,67,30,Pitta
82,61,48,Vata
20,136,9,Pitta
8,8,141,Kapha
32,25,144,Kapha
36,133,145,Kapha
55,97,44,Pitta
112,18,36,Vata
64,119,145,Kapha
133,64,50,Vata
128,134,4,Pitta
19,91,98,Kapha
132,67,34,Vata
142,114,102,Vata
83,45,97,Kapha
39,46,126,Kapha
65,140,25,Pitta
97,33,20,Vata
60,89,20,Pitta
24,7,68,Kapha
75,96,31,Pitta
56,53,146,Kapha
140,136,23,Vata-Pitta
111,4,91,Vata
76,51,117,Kapha
121,123,14,Pitta-Vata
74,26,118,Kapha
104,28,13,Vata
98,45,1,Vata
131,24,130,Vata-Kapha
148,0,35,Vata
80,120,73,Pitta
53,31,130,Kapha
83,112,96,Pitta
0,21,68,Kapha
122,107,103,Vata
145,142,27,Vata-Pitta
8,84,137,Kapha
1,14,25,Kapha
127,21,94,Vata
53,37,90,Kapha
42,93,40,Pitta
141,19,38,Vata
113,9,91,Vata
39,32,92,Kapha
96,54,46,Vata
25,81,32,Pitta
132,16,48,Vata
54,82,100,Kapha
10,21,61,Kapha
141,42,31,Vata
57,13,33,Vata
85,70,14,Vata
94,149,105,Pitta
116,113,140,Kapha
149,26,64,Vata
53,42,100,Kapha
102,33,53,Vata
4,23,113,Kapha
77,26,7,Vata
35,99,147,Kapha
56,142,94,Pitta
96,134,53,Pitta
26,98,1,Pitta
82,33,39,Vata
81,0,143,Kapha
94,59,11,Vata
30,65,76,Kapha
60,136,30,Pitta
150,136,34,Vata
29,117,30,Pitta
83,78,102,Kapha
63,89,120,Kapha
113,142,74,Pitta
13,146,81,Pitta
115,149,39,Pitta
26,110,47,Pitta
12,41,54,Kapha
121,47,4,Vata
48,116,10,Pitta
125,58,77,Vata
33,146,49,Pitta
128,12,84,Vata
20,138,65,Pitta
144,122,62,Vata
138,105,133,Vata-Kapha
44,47,117,Kapha
54,106,56,Pitta
86,138,6,Pitta
105,140,130,Pitta
146,124,139,Vata
126,79,116,Vata
93,9,86,Vata
83,113,8,Pitta
144,94,7,Vata
48,140,22,Pitta
10,70,75,Kapha-Pitta
96,19,23,Vata
87,92,68,Pitta-Vata
0,68,97,Kapha
111,22,78,Vata
139,135,79,Vata-Pitta
93,54,90,Vata-Kapha
77,122,37,Pitta
108,25,111,Kapha-Vata
116,7,123,Kapha
106,11,23,Vata
46,114,47,Pitta
108,12,150,Kapha
20,14,72,Kapha
147,143,148,Kapha-Vata
49,106,12,Pitta
50,117,70,Pitta
3,66,117,Kapha
61,27,43,Vata
61,125,67,Pitta
6,6,26,Kapha
30,28,22,Vata-Pitta
132,107,1,Vata
99,111,39,Pitta
20,63,108,Kapha
68,9,95,Kapha
87,133,85,Pitta
119,65,133,Kapha
95,10,38,Vata
44,116,64,Pitta
67,148,89,Pitta
61,86,117,Kapha
30,116,128,Kapha
108,143,32,Pitta
82,29,62,Vata
127,131,149,Kapha
52,108,111,Kapha-Pitta
130,54,44,Vata
85,82,77,Vata-Pitta
135,50,25,Vata
107,43,22,Vata
116,37,3,Vata
2,54,64,Kapha
14,53,149,Kapha
98,64,71,Vata
116,112,59,Vata-Pitta
55,137,128,Pitta
1,43,110,Kapha
137,89,36,Vata
45,69,128,Kapha
80,1,60,Vata
1,82,105,Kapha
78,84,39,Pitta
95,0,4,Vata
61,71,4,Pitta
117,97,74,Vata
150,138,42,Vata
130,80,150,Kapha
76,133,47,Pitta
36,63,13,Pitta
4,121,95,Pitta
68,45,86,Kapha
122,126,2,Pitta-Vata
58,133,26,Pitta
34,60,113,Kapha
74,136,112,Pitta
60,50,117,Kapha
40,144,82,Pitta
86,128,90,Pitta
137,116,25,Vata
104,26,73,Vata
142,86,54,Vata
76,42,16,Vata
55,131,128,Pitta-Kapha
104,95,7,Vata
3,112,121,Kapha
104,13,27,Vata
14,91,46,Pitta
71,146,85,Pitta
61,17,92,Kapha
41,22,89,Kapha
6,67,102,Kapha
26,138,135,Pitta-Kapha
59,88,72,Pitta
67,13,74,Kapha
